year,title,director_names,nations,genres,rate,영화제
2020,사탄은 없다,['모함마드 라술로프'],"[{'name': '독일'}, {'name': '이란'}, {'name': '체코'}]","['드라마', '액션']",평균 ★3.7 (28명),베를린
2020,노마드랜드,['클로이 자오'],"[{'name': '미국'}, {'name': '독일'}]",['드라마'],평균 ★3.8 (32명),베니스
2019,기생충,['봉준호'],[{'name': '한국'}],['드라마'],평균 ★4.3 (53만명),칸
2019,기생충,['봉준호'],[{'name': '한국'}],['드라마'],평균 ★4.3 (53만명),아카데미
2019,시너님스,['나다브 라피드'],"[{'name': '프랑스'}, {'name': '이스라엘'}, {'name': '독일'}]",['드라마'],평균 ★3.3 (261명),베를린
2019,조커,['토드 필립스'],[{'name': '미국'}],"['스릴러', '드라마', '범죄']",평균 ★3.9 (14만명),베니스
2018,어느 가족,['고레에다 히로카즈'],[{'name': '일본'}],"['범죄', '드라마']",평균 ★4.1 (7만명),칸
2018,그린 북,['피터 패럴리'],[{'name': '미국'}],"['코미디', '드라마', '음악']",평균 ★4.2 (17만명),아카데미
2018,터치 미 낫,['애디너 핀틸리'],"[{'name': '루마니아'}, {'name': '독일'}, {'name': '체코'}, {'name': '불가리아'}, {'name': '프랑스'}]",['드라마'],평균 ★3.0 (11명),베를린
2018,로마,['알폰소 쿠아론'],"[{'name': '미국'}, {'name': '멕시코'}]",['드라마'],평균 ★4.1 (3만명),베니스
2017,더 스퀘어,['루벤 외스틀룬드'],"[{'name': '덴마크'}, {'name': '스웨덴'}, {'name': '프랑스'}, {'name': '독일'}]","['드라마', '코미디']","평균 ★3.6 (4,499명)",칸
2017,셰이프 오브 워터: 사랑의 모양,['기예르모 델 토로'],[{'name': '미국'}],"['모험', '스릴러', '판타지', '로맨스', '드라마']",평균 ★3.9 (10만명),아카데미
2017,우리는 같은 꿈을 꾼다,['일디코 엔예디'],[{'name': '헝가리'}],"['로맨스', '드라마']","평균 ★3.6 (5,788명)",베를린
2017,셰이프 오브 워터: 사랑의 모양,['기예르모 델 토로'],[{'name': '미국'}],"['모험', '스릴러', '판타지', '로맨스', '드라마']",평균 ★3.9 (10만명),베니스
2016,"나, 다니엘 블레이크",['켄 로치'],"[{'name': '영국'}, {'name': '프랑스'}, {'name': '벨기에'}]",['드라마'],평균 ★4.1 (8만명),칸
2016,문라이트,['배리 젠킨스'],[{'name': '미국'}],"['드라마', '로맨스']",평균 ★3.8 (17만명),아카데미
2016,떠나간 여인,['라브 디아즈'],[{'name': '필리핀'}],['드라마'],평균 ★3.8 (77명),베니스
2015,디판,['자크 오디아르'],[{'name': '프랑스'}],"['범죄', '드라마']","평균 ★3.4 (2,294명)",칸
2015,스포트라이트,['톰 맥카시'],[{'name': '미국'}],"['드라마', '스릴러']",평균 ★4.0 (18만명),아카데미
2015,화염의 바다,['지안프란코 로시'],"[{'name': '이탈리아'}, {'name': '프랑스'}]",['다큐멘터리'],평균 ★3.4 (187명),베를린
2015,택시,['자파르 파나히'],[{'name': '이란'}],"['코미디', '드라마']","평균 ★3.6 (4,926명)",베를린
2015,먼 곳으로부터,['로렌조 비가스'],"[{'name': '베네수엘라'}, {'name': '멕시코'}]","['로맨스', '드라마']",평균 ★3.3 (223명),베니스
2014,윈터 슬립,['누리 빌게 제일란'],"[{'name': '터키'}, {'name': '프랑스'}, {'name': '독일'}]",['드라마'],"평균 ★3.6 (4,169명)",칸
2014,버드맨,['알레한드로 곤잘레스 이냐리투'],[{'name': '미국'}],"['드라마', '코미디']",평균 ★3.9 (13만명),아카데미
2014,백일염화,['디아오 이난'],"[{'name': '중국'}, {'name': '홍콩'}]","['드라마', '스릴러', '범죄']",평균 ★3.4 (783명),베를린
2014,"비둘기, 가지에 앉아 존재를 성찰하다",['로이 안데르손'],"[{'name': '스웨덴'}, {'name': '독일'}, {'name': '노르웨이'}, {'name': '프랑스'}, {'name': '덴마크'}]","['코미디', '드라마', '판타지']",평균 ★3.6 (350명),베니스
2013,"가장 따뜻한 색, 블루",['압델라티프 케시시'],"[{'name': '프랑스'}, {'name': '스페인'}, {'name': '벨기에'}]","['드라마', '로맨스']",평균 ★3.8 (23만명),칸
2013,노예 12년,['스티브 맥퀸'],"[{'name': '미국'}, {'name': '영국'}]","['역사', '드라마']",평균 ★3.8 (27만명),아카데미
2013,아들의 자리,['칼린 페터 네쩌'],[{'name': '루마니아'}],['드라마'],평균 ★3.4 (273명),베를린
2013,성스러운 도로,['지안프란코 로시'],"[{'name': '이탈리아'}, {'name': '프랑스'}]",['다큐멘터리'],평균 ★3.2 (150명),베니스
2012,아무르,['미카엘 하네케 '],"[{'name': '프랑스'}, {'name': '오스트리아'}, {'name': '독일'}]","['드라마', '로맨스']",평균 ★3.9 (4만명),칸
2012,아르고,['벤 애플렉'],[{'name': '미국'}],"['드라마', '스릴러']",평균 ★3.6 (7만명),아카데미
2012,시저는 죽어야 한다,"['비토리오 타비아니', '파올로 타비아니']",[{'name': '이탈리아'}],['드라마'],"평균 ★3.6 (6,370명)",베를린
2012,피에타,['김기덕'],[{'name': '한국'}],"['드라마', '스릴러']",평균 ★3.1 (14만명),베니스
2011,트리 오브 라이프,['테렌스 맬릭'],[{'name': '미국'}],"['드라마', '판타지']",평균 ★3.4 (2만명),칸
2011,아티스트,['미셀 하자나비시우스'],"[{'name': '미국'}, {'name': '프랑스'}]","['코미디', '드라마', '로맨스']",평균 ★3.8 (3만명),아카데미
2011,씨민과 나데르의 별거,['아쉬가르 파르하디'],"[{'name': '이란'}, {'name': '프랑스'}, {'name': '호주'}]","['드라마', '스릴러']",평균 ★4.0 (2만명),베를린
2011,파우스트,['알렉산더 소쿠로프'],[{'name': '러시아'}],"['드라마', '판타지', '미스터리']","평균 ★3.2 (3,778명)",베니스
2010,엉클 분미,['아피찻퐁 위라세타쿤'],"[{'name': '태국'}, {'name': '프랑스'}]","['판타지', '드라마']","평균 ★3.4 (5,316명)",칸
2010,킹스 스피치,['톰 후퍼'],"[{'name': '영국'}, {'name': '미국'}, {'name': '호주'}]","['드라마', '역사']",평균 ★3.7 (29만명),아카데미
2010,허니,['세미 카플라노글루'],"[{'name': '터키'}, {'name': '독일'}, {'name': '프랑스'}]",['드라마'],평균 ★3.5 (683명),베를린
2010,썸웨어,['소피아 코폴라'],[{'name': '미국'}],['드라마'],"평균 ★3.5 (3,942명)",베니스
2009,하얀 리본,['미카엘 하네케 '],"[{'name': '독일'}, {'name': '오스트리아'}, {'name': '프랑스'}, {'name': '이탈리아'}, {'name': '캐나다'}]","['드라마', '역사', '미스터리', '스릴러']",평균 ★3.8 (1만명),칸
2009,밀크 오브 소로우 - 슬픈 모유,['클로디아 로사'],"[{'name': '스페인'}, {'name': '페루'}]","['드라마', '음악']",평균 ★3.5 (328명),베를린
2009,레바논,['사무엘 마오즈'],"[{'name': '독일'}, {'name': '프랑스'}, {'name': '이스라엘'}]","['전쟁', '드라마']",평균 ★3.4 (755명),베니스
2008,클래스,['로랑 캉테'],[{'name': '프랑스'}],['드라마'],"평균 ★3.7 (5,836명)",칸
2008,허트 로커,['캐서린 비글로우'],[{'name': '미국'}],"['드라마', '스릴러', '전쟁']",평균 ★3.8 (19만명),아카데미
2008,슬럼독 밀리어네어,['대니 보일'],"[{'name': '영국'}, {'name': '미국'}, {'name': '인도'}]","['드라마', '로맨스', '스릴러']",평균 ★3.9 (41만명),아카데미
2008,더 레슬러,['대런 아로노프스키'],"[{'name': '미국'}, {'name': '프랑스'}]","['드라마', '스포츠', '액션']",평균 ★3.7 (3만명),베니스
2007,"4개월, 3주... 그리고 2일",['크리스티안 문쥬'],[{'name': '루마니아'}],['드라마'],"평균 ★3.8 (8,998명)",칸
2007,노인을 위한 나라는 없다,"['에단 코엔', '조엘 코엔']",[{'name': '미국'}],"['범죄', '스릴러', '드라마']",평균 ★4.0 (26만명),아카데미
2007,엘리트 스쿼드,['호세 파딜라'],"[{'name': '미국'}, {'name': '브라질'}, {'name': '네덜란드'}, {'name': '아르헨티나'}]","['액션', '범죄']",평균 ★3.8 (1만명),베를린
2007,"색, 계",['이안'],"[{'name': '미국'}, {'name': '중국'}, {'name': '대만'}]","['드라마', '역사', '로맨스', '스릴러', '전쟁']",평균 ★3.6 (28만명),베니스
2006,보리밭을 흔드는 바람,['켄 로치'],"[{'name': '독일'}, {'name': '이탈리아'}, {'name': '프랑스'}, {'name': '영국'}, {'name': '아일랜드'}]","['드라마', '전쟁']",평균 ★3.8 (2만명),칸
2006,디파티드,['마틴 스콜세지'],"[{'name': '미국'}, {'name': '홍콩'}]","['스릴러', '드라마', '범죄', '액션']",평균 ★3.7 (14만명),아카데미
2006,투야의 결혼,['왕지안'],[{'name': '중국'}],"['로맨스', '드라마']",평균 ★3.5 (212명),베를린
2006,스틸 라이프,['지아 장 커'],"[{'name': '중국'}, {'name': '홍콩'}]",['드라마'],평균 ★3.8 (1만명),베니스
2005,더 차일드,"['장-피에르 다르덴', '뤽 다르덴']","[{'name': '벨기에'}, {'name': '프랑스'}]","['범죄', '드라마', '로맨스']","평균 ★3.8 (5,751명)",칸
2005,그르바비차,['야스밀라 즈바니치'],[{'name': '보스니아 헤르체고비나'}],"['전쟁', '드라마']",평균 ★3.6 (456명),베를린
2005,카르멘,['마크 돈포드 메이'],[{'name': '남아프리카 공화국'}],"['로맨스', '드라마']",평균 ★3.6 (31명),베를린
2005,브로크백 마운틴,['이안'],"[{'name': '미국'}, {'name': '캐나다'}]","['드라마', '로맨스']",평균 ★3.8 (18만명),베니스
2004,화씨 9/11,['마이클 무어'],[{'name': '미국'}],"['다큐멘터리', '드라마']",평균 ★3.5 (3만명),칸
2004,크래쉬,['폴 해기스'],"[{'name': '독일'}, {'name': '미국'}]","['범죄', '드라마']",평균 ★3.6 (2만명),아카데미
2004,밀리언 달러 베이비,['클린트 이스트우드'],[{'name': '미국'}],"['드라마', '스포츠']",평균 ★3.8 (12만명),아카데미
2004,미치고 싶을 때,['파티 아킨'],"[{'name': '독일'}, {'name': '터키'}]","['드라마', '로맨스']","평균 ★3.5 (2,643명)",베를린
2004,베라 드레이크,['마이크 리'],"[{'name': '뉴질랜드'}, {'name': '프랑스'}, {'name': '영국'}]","['드라마', '범죄']",평균 ★3.7 (779명),베니스
2003,엘리펀트,['구스 반 산트'],[{'name': '미국'}],"['드라마', '범죄']",평균 ★3.8 (2만명),칸
2003,반지의 제왕 : 왕의 귀환,['피터 잭슨'],"[{'name': '미국'}, {'name': '뉴질랜드'}, {'name': '독일'}]","['판타지', '드라마', '액션', '전쟁', '모험']",평균 ★4.2 (55만명),아카데미
2003,리턴,['안드레이 즈비아긴체프'],[{'name': '러시아'}],['드라마'],"평균 ★3.6 (1,946명)",베니스
2002,피아니스트,['로만 폴란스키'],"[{'name': '독일'}, {'name': '프랑스'}, {'name': '영국'}, {'name': '폴란드'}, {'name': '네덜란드'}]","['드라마', '음악', '전쟁']",평균 ★4.1 (30만명),칸
2002,시카고,['롭 마샬'],"[{'name': '미국'}, {'name': '독일'}, {'name': '캐나다'}, {'name': '영국'}]","['음악', '코미디', '범죄', '드라마']",평균 ★3.8 (15만명),아카데미
2002,인 디스 월드,['마이클 윈터버텀'],[{'name': '영국'}],['드라마'],평균 ★3.8 (376명),베를린
2002,블러디 선데이,['폴 그린그래스'],"[{'name': '영국'}, {'name': '아일랜드'}]",['드라마'],"평균 ★3.7 (2,663명)",베를린
2002,막달레나 시스터즈,['피터 멀런'],"[{'name': '영국'}, {'name': '아일랜드'}]",['드라마'],평균 ★3.6 (729명),베니스
2001,아들의 방,['난니 모레티'],"[{'name': '이탈리아'}, {'name': '프랑스'}]","['드라마', '가족']","평균 ★3.6 (4,310명)",칸
2001,뷰티풀 마인드,['론 하워드'],[{'name': '미국'}],['드라마'],평균 ★3.9 (26만명),아카데미
2001,센과 치히로의 행방불명,['미야자키 하야오'],[{'name': '일본'}],"['판타지', '애니메이션', '가족']",평균 ★4.3 (90만명),베를린
2001,정사,['파트리스 쉐로'],"[{'name': '프랑스'}, {'name': '영국'}, {'name': '독일'}, {'name': '스페인'}]",['드라마'],"평균 ★2.9 (2,096명)",베를린
2001,몬순 웨딩,['미라 네이어'],[{'name': '인도'}],[],평균 ★3.3 (327명),베니스
2000,어둠 속의 댄서,['라스 폰 트리에'],"[{'name': '덴마크'}, {'name': '독일'}, {'name': '네덜란드'}, {'name': '이탈리아'}, {'name': '미국'}, {'name': '영국'}, {'name': '프랑스'}, {'name': '스웨덴'}, {'name': '핀란드'}, {'name': '아이슬란드'}, {'name': '아르헨티나'}, {'name': '노르웨이'}, {'name': '대만'}, {'name': '벨기에'}]","['범죄', '드라마']",평균 ★3.8 (3만명),칸
2000,글래디에이터,['리들리 스콧'],"[{'name': '영국'}, {'name': '미국'}]","['액션', '드라마', '모험']",평균 ★4.1 (41만명),아카데미
2000,써클,['자파르 파나히'],"[{'name': '이탈리아'}, {'name': '이란'}]",['드라마'],평균 ★3.3 (265명),베니스
1999,로제타,"['뤽 다르덴', '장-피에르 다르덴']","[{'name': '프랑스'}, {'name': '벨기에'}]",['드라마'],평균 ★4.0 (2만명),칸
1999,아메리칸 뷰티,['샘 멘데스'],[{'name': '미국'}],"['드라마', '코미디']",평균 ★3.8 (13만명),아카데미
1999,매그놀리아,['폴 토마스 앤더슨'],[{'name': '미국'}],['드라마'],평균 ★3.9 (3만명),베를린
1999,책상 서랍 속의 동화,['장예모'],[{'name': '중국'}],['드라마'],"평균 ★3.8 (5,627명)",베니스
1998,영원과 하루,['테오도로스 앙겔로플로스'],"[{'name': '프랑스'}, {'name': '그리스'}, {'name': '이탈리아'}]",['드라마'],"평균 ★3.8 (4,043명)",칸
1998,셰익스피어 인 러브,['존 매든'],"[{'name': '영국'}, {'name': '미국'}]","['코미디', '드라마', '역사', '로맨스']",평균 ★3.5 (4만명),아카데미
1998,씬 레드 라인,['테렌스 맬릭'],[{'name': '미국'}],"['드라마', '전쟁']",평균 ★3.6 (2만명),베를린
1998,중앙역,['월터 살레스'],"[{'name': '프랑스'}, {'name': '브라질'}]",['드라마'],"평균 ★3.9 (2,253명)",베를린
1998,우리가 웃는 법,['지아니 아멜리오'],[{'name': '이탈리아'}],[],평균 ★2.9 (86명),베니스
1997,체리향기,['압바스 키아로스타미'],"[{'name': '이란'}, {'name': '프랑스'}]",['드라마'],"평균 ★3.8 (7,100명)",칸
1997,우나기,['이마무라 쇼헤이'],[{'name': '일본'}],['드라마'],"평균 ★3.5 (5,193명)",칸
1997,타이타닉,['제임스 카메론'],[{'name': '미국'}],"['로맨스', '드라마']",평균 ★4.3 (102만명),아카데미
1997,하나비,['기타노 다케시'],[{'name': '일본'}],"['범죄', '드라마', '로맨스', '스릴러']",평균 ★3.7 (2만명),베니스
1996,비밀과 거짓말,['마이크 리'],"[{'name': '영국'}, {'name': '프랑스'}]",['드라마'],"평균 ★3.8 (3,102명)",칸
1996,잉글리쉬 페이션트,['안소니 밍겔라'],"[{'name': '미국'}, {'name': '영국'}]","['드라마', '로맨스', '전쟁']",평균 ★3.6 (2만명),아카데미
1996,래리 플린트,['밀로스 포먼'],[{'name': '미국'}],['드라마'],"평균 ★3.4 (7,423명)",베를린
1996,마이클 콜린스,['닐 조던'],"[{'name': '영국'}, {'name': '미국'}, {'name': '아일랜드'}]","['드라마', '스릴러']","평균 ★3.3 (1,297명)",베니스
1995,언더그라운드,['에밀 쿠스트리차'],"[{'name': '유고슬라비아'}, {'name': '프랑스'}, {'name': '독일'}, {'name': '불가리아'}, {'name': '체코'}, {'name': '헝가리'}]","['드라마', '코미디']","평균 ★4.0 (2,822명)",칸
1995,브레이브하트,['멜 깁슨'],[{'name': '미국'}],"['드라마', '역사', '전쟁']",평균 ★4.0 (16만명),아카데미
1995,센스 앤 센서빌리티,['이안'],"[{'name': '미국'}, {'name': '영국'}]","['드라마', '로맨스', '시대극']",평균 ★3.6 (3만명),베를린
1995,라빠,['베르트랑 타베르니에'],[{'name': '프랑스'}],"['드라마', '범죄']",평균 ★3.3 (79명),베를린
1995,씨클로,['트란 안 훙'],"[{'name': '프랑스'}, {'name': '베트남'}]","['드라마', '범죄']","평균 ★3.4 (5,423명)",베니스
1995,비포 더 레인,['밀코 만체프스키'],"[{'name': '프랑스'}, {'name': '영국'}]","['로맨스', '드라마']",평균 ★3.6 (789명),베니스
1994,펄프 픽션,['쿠엔틴 타란티노'],[{'name': '미국'}],"['범죄', '드라마']",평균 ★4.0 (11만명),칸
1994,포레스트 검프,['로버트 저메키스'],[{'name': '미국'}],"['드라마', '로맨스']",평균 ★4.3 (51만명),아카데미
1994,애정만세,['차이밍량'],[{'name': '대만'}],['드라마'],"평균 ★3.8 (2,090명)",베니스
1993,패왕별희,['첸 카이거'],"[{'name': '중국'}, {'name': '홍콩'}]","['드라마', '음악', '로맨스']",평균 ★4.0 (12만명),칸
1993,피아노,['제인 캠피온'],"[{'name': '뉴질랜드'}, {'name': '호주'}, {'name': '프랑스'}, {'name': '미국'}]","['드라마', '음악', '로맨스']",평균 ★3.8 (4만명),칸
1993,쉰들러 리스트,['스티븐 스필버그'],[{'name': '미국'}],"['드라마', '역사', '전쟁']",평균 ★4.2 (25만명),아카데미
1993,아버지의 이름으로,['짐 쉐리단'],"[{'name': '영국'}, {'name': '아일랜드'}]",['드라마'],평균 ★3.8 (1만명),베를린
1993,향혼녀,['사비'],[{'name': '중국'}],['드라마'],평균 ★3.7 (35명),베를린
1993,결혼 피로연,['이안'],"[{'name': '대만'}, {'name': '미국'}]","['드라마', '코미디']","평균 ★3.7 (4,135명)",베를린
1993,숏컷,['로버트 알트먼'],[{'name': '미국'}],"['코미디', '드라마']","평균 ★3.8 (2,807명)",베니스
1993,세 가지 색 : 블루,['크지슈토프 키에슬로프스키'],"[{'name': '프랑스'}, {'name': '폴란드'}, {'name': '스위스'}]","['드라마', '음악', '미스터리', '로맨스']",평균 ★3.6 (1만명),베니스
1992,최선의 의도,['빌 어거스트'],"[{'name': '독일'}, {'name': '이탈리아'}, {'name': '프랑스'}, {'name': '영국'}, {'name': '스웨덴'}, {'name': '덴마크'}, {'name': '핀란드'}, {'name': '노르웨이'}, {'name': '아이슬란드'}]","['로맨스', '드라마']",평균 ★3.3 (210명),칸
1992,용서받지 못한 자,['클린트 이스트우드'],[{'name': '미국'}],"['서부극', '드라마', '범죄']",평균 ★3.8 (2만명),아카데미
1992,귀주 이야기,['장예모'],[{'name': '중국'}],"['드라마', '코미디']","평균 ★3.5 (3,502명)",베니스
1991,바톤 핑크,['조엘 코엔'],"[{'name': '미국'}, {'name': '영국'}]","['코미디', '드라마']",평균 ★3.8 (1만명),칸
1991,양들의 침묵,['조나단 드미'],[{'name': '미국'}],"['범죄', '드라마', '스릴러', '공포']",평균 ★4.1 (25만명),아카데미
1991,그랜드 캐년,['로렌스 캐스단'],[{'name': '미국'}],"['드라마', '범죄']",평균 ★3.3 (165명),베를린
1991,더 하우스 오브 스마일,['마코 페레리'],[{'name': '이탈리아'}],"['로맨스', '드라마']",평균 ★3.0 (16명),베를린
1991,우르가,['니키타 미할코프'],"[{'name': '프랑스'}, {'name': '소련'}]",['드라마'],평균 ★3.3 (142명),베니스
1990,광란의 사랑,['데이빗 린치'],[{'name': '미국'}],"['로맨틱코미디', '스릴러', '범죄']","평균 ★3.6 (2,794명)",칸
1990,늑대와 춤을,['케빈 코스트너'],"[{'name': '영국'}, {'name': '미국'}]","['모험', '서부극', '드라마']",평균 ★3.9 (6만명),아카데미
1990,줄 위의 종달새,['이리 멘젤'],[{'name': '체코'}],"['로맨틱코미디', '드라마']",평균 ★3.4 (126명),베를린
1990,로젠크란츠와 길덴스턴은 죽었다,['톰 스톱파드'],"[{'name': '영국'}, {'name': '미국'}]","['드라마', '코미디']",평균 ★3.4 (468명),베니스
1989,섹스 거짓말 그리고 비디오테이프,['스티븐 소더버그'],[{'name': '미국'}],"['드라마', '성인']","평균 ★3.4 (9,990명)",칸
1989,드라이빙 미스 데이지,['브루스 베레스포드'],[{'name': '미국'}],"['코미디', '드라마']",평균 ★3.6 (1만명),아카데미
1989,뮤직 박스,['코스타 가브라스'],[{'name': '미국'}],"['범죄', '드라마', '스릴러']",평균 ★3.8 (814명),베를린
1989,비정성시,['허우 샤오시엔'],[{'name': '대만'}],['드라마'],"평균 ★4.0 (4,507명)",베니스
1988,레인 맨,['베리 레빈슨'],[{'name': '미국'}],['드라마'],평균 ★4.0 (11만명),아카데미
1988,레인 맨,['베리 레빈슨'],[{'name': '미국'}],['드라마'],평균 ★4.0 (11만명),베를린
1988,붉은 수수밭,['장예모'],[{'name': '중국'}],"['드라마', '전쟁']",평균 ★3.6 (1만명),베를린
1988,영험한 애주가의 전설,['에르만노 올미'],"[{'name': '미국'}, {'name': '이탈리아'}, {'name': '프랑스'}]",[],평균 ★2.9 (104명),베니스
1987,정복자 펠레,['빌 어거스트'],"[{'name': '덴마크'}, {'name': '스웨덴'}]",['드라마'],"평균 ★3.9 (1,727명)",칸
1987,사탄의 태양 아래서,['모리스 피알라'],[{'name': '프랑스'}],['드라마'],평균 ★3.5 (374명),칸
1987,마지막 황제,['베르나르도 베르톨루치'],"[{'name': '미국'}, {'name': '프랑스'}, {'name': '영국'}, {'name': '이탈리아'}]","['시대극', '드라마']",평균 ★3.8 (10만명),아카데미
1987,굿바이 칠드런,['루이 말'],"[{'name': '프랑스'}, {'name': '독일(구 서독)'}, {'name': '독일'}, {'name': '이탈리아'}]","['드라마', '전쟁']","평균 ★3.7 (3,615명)",베니스
1986,미션,['롤랑 조페'],[{'name': '영국'}],['드라마'],평균 ★3.9 (4만명),칸
1986,플래툰,['올리버 스톤'],"[{'name': '미국'}, {'name': '영국'}]","['드라마', '전쟁']",평균 ★3.9 (5만명),아카데미
1986,쉬탐하임,['라인하르트 하우프'],"[{'name': '독일'}, {'name': '독일(구 서독)'}]",[], ,베를린
1986,녹색 광선,['에릭 로메르'],[{'name': '프랑스'}],"['로맨스', '드라마']","평균 ★3.8 (8,230명)",베니스
1985,아빠는 출장 중,['에밀 쿠스트리차'],[],['드라마'],평균 ★3.6 (554명),칸
1985,아웃 오브 아프리카,['시드니 폴락'],[{'name': '미국'}],"['드라마', '로맨스']",평균 ★3.8 (2만명),아카데미
1985,우먼 앤드 더 스트레인저,['라이너 사이먼'],"[{'name': '독일'}, {'name': '독일(구 동독)'}]",[],평균 ★3.5 (17명),베를린
1985,웨더비,['데이비드 헤어'],[{'name': '영국'}],"['드라마', '미스터리']",평균 ★3.4 (114명),베를린
1985,방랑자,['아녜스 바르다'],"[{'name': '프랑스'}, {'name': '영국'}]",['드라마'],"평균 ★4.0 (1,517명)",베니스
1984,파리 텍사스,['빔 벤더스'],"[{'name': '독일'}, {'name': '프랑스'}]",['드라마'],"평균 ★3.9 (7,827명)",칸
1984,아마데우스,['밀로스 포먼'],[{'name': '미국'}],"['음악', '드라마']",평균 ★4.0 (19만명),아카데미
1984,사랑의 행로,['존 카사베츠'],[{'name': '미국'}],"['드라마', '코미디']",평균 ★3.9 (296명),베를린
1984,조용한 태양의 해,['크지쉬토프 자누쉬'],[{'name': '폴란드'}],['로맨스'],평균 ★3.2 (126명),베니스
1983,나라야마 부시코,['이마무라 쇼헤이'],[{'name': '일본'}],['드라마'],"평균 ★3.7 (5,392명)",칸
1983,애정의 조건,['제임스 L. 브룩스'],[{'name': '미국'}],"['코미디', '드라마']","평균 ★3.5 (2,156명)",아카데미
1983,어센던시,['에드워드 베넷'],[{'name': '영국'}],['드라마'], ,베를린
1983,미녀 갱 카르멘,['장 뤽 고다르'],[{'name': '프랑스'}],"['범죄', '드라마', '음악', '로맨스']","평균 ★3.4 (1,168명)",베니스
1982,욜,['일마즈 귀니'],"[{'name': '스위스'}, {'name': '터키'}]","['로맨스', '드라마']",평균 ★3.6 (519명),칸
1982,의문의 실종,['코스타 가브라스'],[{'name': '미국'}],"['드라마', '스릴러']",평균 ★3.6 (420명),칸
1982,간디,['리처드 애튼버러'],"[{'name': '영국'}, {'name': '미국'}]",['드라마'],"평균 ★3.4 (5,112명)",아카데미
1982,벌집,['마리오 카무스'],[{'name': '스페인'}],['드라마'],평균 ★3.0 (1명),베를린
1982,베로니카 포스의 갈망,['라이너 베르너 파스빈더'],"[{'name': '독일'}, {'name': '독일(구 서독)'}]",['드라마'],평균 ★3.7 (314명),베를린
1982,사물의 상태,['빔 벤더스'],"[{'name': '네덜란드'}, {'name': '영국'}, {'name': '독일(구 서독)'}, {'name': '포르투갈'}, {'name': '미국'}]",[],평균 ★3.4 (275명),베니스
1981,철의 사나이,['안제이 바이다'],[{'name': '폴란드'}],"['드라마', '역사']",평균 ★3.4 (203명),칸
1981,불의 전차,['휴 허드슨'],[{'name': '영국'}],"['스포츠', '드라마']",평균 ★3.6 (1만명),아카데미
1981,질주,['카를로스 사우라'],"[{'name': '스페인'}, {'name': '프랑스'}]","['드라마', '범죄']",평균 ★2.9 (26명),베를린
1981,독일 자매,['마가레테 폰 트로타'],"[{'name': '독일'}, {'name': '독일(구 서독)'}]",['드라마'],평균 ★3.3 (134명),베니스
1980,카게무샤,['구로사와 아키라'],"[{'name': '일본'}, {'name': '미국'}]","['드라마', '역사', '전쟁', '액션']","평균 ★3.7 (8,623명)",칸
1980,보통 사람들,['로버트 레드포드'],[{'name': '미국'}],['드라마'],"평균 ★3.5 (2,308명)",아카데미
1980,Palermo or Wolfsburg,[],[{'name': '독일'}],[],평균 ★3.0 (1명),베를린
1980,아틀란틱 시티,['루이 말'],"[{'name': '캐나다'}, {'name': '프랑스'}, {'name': '미국'}]","['로맨스', '드라마', '범죄']",평균 ★3.3 (278명),베니스
1980,글로리아,['존 카사베츠'],[{'name': '미국'}],"['드라마', '스릴러', '범죄']","평균 ★3.7 (1,461명)",베니스
1979,올 댓 재즈,['밥 포시'],[{'name': '미국'}],"['드라마', '판타지', '음악']","평균 ★3.7 (2,131명)",칸
1979,지옥의 묵시록,['프란시스 포드 코폴라'],[{'name': '미국'}],"['드라마', '전쟁']",평균 ★3.8 (3만명),칸
1979,양철북,['폴커 슐렌도르프'],"[{'name': '독일'}, {'name': '프랑스'}, {'name': '독일(구 서독)'}, {'name': '폴란드'}]","['드라마', '전쟁']",평균 ★3.5 (1만명),칸
1979,크레이머 대 크레이머,['로버트 벤튼'],[{'name': '미국'}],['드라마'],평균 ★3.7 (2만명),아카데미
1979,테마,['글렙 판필로프'],[{'name': '러시아'}],['드라마'], ,베를린
1979,하트랜드,['리처드 피어스'],[{'name': '미국'}],['드라마'],평균 ★3.5 (11명),베를린
1979,데이비드,['피터 릴리엔탈'],"[{'name': '독일'}, {'name': '독일(구 서독)'}]","['전쟁', '드라마']",평균 ★3.0 (15명),베를린
1978,나막신 나무,['에르만노 올미'],"[{'name': '이탈리아'}, {'name': '프랑스'}]",['드라마'],평균 ★3.7 (198명),칸
1978,디어 헌터,['마이클 치미노'],[{'name': '미국'}],"['공포', '전쟁', '드라마']",평균 ★3.8 (1만명),아카데미
1978,아쎈소르,['토마스 무노즈'],[{'name': '스페인'}],[],평균 ★3.6 (12명),베를린
1978,왓 맥스 세드,['에밀리오 마르티네즈 라자로'],[{'name': '스페인'}],[],평균 ★3.2 (14명),베를린
1978,트라웃,['조시 루이스 가르시아 산체즈'],[{'name': '스페인'}],[],평균 ★3.5 (12명),베를린
1977,빠드레 빠드로네,"['비토리오 타비아니', '파올로 타비아니']",[{'name': '이탈리아'}],['드라마'],평균 ★3.6 (547명),칸
1977,애니 홀,['우디 앨런'],[{'name': '미국'}],"['로맨스', '코미디', '로맨틱코미디']",평균 ★3.8 (2만명),아카데미
1977,고양,['라리사 셰피트코'],[{'name': '소련'}],"['전쟁', '드라마']",평균 ★4.1 (213명),베를린
1976,택시 드라이버,['마틴 스콜세지'],[{'name': '미국'}],"['드라마', '스릴러']",평균 ★4.0 (7만명),칸
1976,록키,['존 G. 아빌드센'],[{'name': '미국'}],"['드라마', '스포츠']",평균 ★3.9 (8만명),아카데미
1975,불타는 해의 연대기,[],[{'name': '알제리'}],[],평균 ★3.3 (90명),칸
1975,뻐꾸기 둥지 위로 날아간 새,['밀로스 포먼'],[{'name': '미국'}],"['범죄', '드라마']",평균 ★4.1 (4만명),아카데미
1974,컨버세이션,['프란시스 포드 코폴라'],[{'name': '미국'}],"['범죄', '액션', '스릴러']","평균 ★3.8 (4,409명)",칸
1974,대부 2,['프란시스 포드 코폴라'],[{'name': '미국'}],"['드라마', '범죄']",평균 ★4.2 (13만명),아카데미
1974,더디 크레이비츠의 수습 기간,['테드 코체프'],"[{'name': '캐나다'}, {'name': '국가불명'}]",[],평균 ★2.6 (17명),베를린
1973,하수인,['앨런 브릿지즈'],[{'name': '영국'}],[],평균 ★3.1 (116명),칸
1973,허수아비,['제리 샤츠버그'],[{'name': '미국'}],['드라마'],"평균 ★3.9 (1,070명)",칸
1973,스팅,['조지 로이 힐'],[{'name': '미국'}],"['범죄', '드라마', '코미디']",평균 ★4.0 (2만명),아카데미
1973,대지의 눈물,['사티야지트 레이'],[{'name': '인도'}],['드라마'],평균 ★3.8 (34명),베를린
1972,마테이 사건,['프란체스코 로시'],[{'name': '이탈리아'}],['드라마'],평균 ★3.2 (103명),칸
1972,대부,['프란시스 포드 코폴라'],[{'name': '미국'}],"['범죄', '드라마', '스릴러']",평균 ★4.3 (22만명),아카데미
1972,캔터베리 이야기,['피에르 파올로 파졸리니'],"[{'name': '이탈리아'}, {'name': '프랑스'}]","['드라마', '코미디']",평균 ★3.5 (160명),베를린
1971,천국으로 가는 노동계급,['엘리오 페트리'],[{'name': '이탈리아'}],['드라마'],평균 ★3.4 (136명),칸
1971,사랑의 메신저,['조셉 로지'],[{'name': '영국'}],"['로맨스', '드라마']",평균 ★3.2 (167명),칸
1971,프렌치 커넥션,['윌리엄 프리드킨'],[{'name': '미국'}],"['범죄', '액션', '스릴러']","평균 ★3.8 (4,247명)",아카데미
1970,매쉬,['로버트 알트먼'],[{'name': '미국'}],"['전쟁', '드라마', '코미디']",평균 ★3.3 (731명),칸
1970,패튼 대전차 군단,['프랭크린 J. 샤프너'],[{'name': '미국'}],"['전쟁', '드라마']","평균 ★3.5 (2,901명)",아카데미
1970,핀치 콘티니의 정원,['비토리오 데 시카'],"[{'name': '독일'}, {'name': '이탈리아'}, {'name': '독일(구 서독)'}]","['드라마', '전쟁', '로맨스']",평균 ★3.3 (449명),베를린
1969,미드나잇 카우보이,['존 슐레진저'],[{'name': '미국'}],['드라마'],"평균 ★3.8 (3,908명)",아카데미
1969,얼리 웍스,['젤리미르 질닉'],[{'name': '유고슬라비아'}],"['드라마', '코미디']",평균 ★3.4 (16명),베를린
1968,만약,['린지 앤더슨'],[{'name': '영국'}],['드라마'],평균 ★3.4 (605명),칸
1968,올리버,['캐럴 리드'],[{'name': '영국'}],"['가족', '드라마']","평균 ★3.7 (3,249명)",아카데미
1968,누가 그의 죽음을 보았는가,['얀 트로엘'],[{'name': '스웨덴'}],[],평균 ★3.4 (19명),베를린
1968,서커스 돔 위의 예술가,['알렉산더 클루게'],[],[],평균 ★3.1 (83명),베니스
1967,밤의 열기 속으로,['노만 주이슨'],[{'name': '미국'}],"['드라마', '범죄']","평균 ★3.4 (1,740명)",아카데미
1967,출발,['예르지 스콜리모브스키'],[{'name': '벨기에'}],"['드라마', '로맨스', '코미디']",평균 ★3.5 (44명),베를린
1967,세브린느,['루이스 부뉴엘'],"[{'name': '프랑스'}, {'name': '이탈리아'}]",['드라마'],"평균 ★3.5 (2,800명)",베니스
1966,욕망,['미켈란젤로 안토니오니'],"[{'name': '이탈리아'}, {'name': '영국'}]","['드라마', '스릴러']","평균 ★3.9 (4,004명)",칸
1966,남과 여,['끌로드 를르슈'],[{'name': '프랑스'}],['드라마'],"평균 ★3.7 (2,333명)",칸
1966,사계의 사나이,['프레드 진네만'],[{'name': '영국'}],['드라마'],"평균 ★2.8 (1,084명)",아카데미
1966,막다른 골목,['로만 폴란스키'],[{'name': '영국'}],"['코미디', '드라마', '스릴러']",평균 ★3.6 (253명),베를린
1966,알제리 전투,['질로 폰테코르보'],"[{'name': '알제리'}, {'name': '이탈리아'}]","['드라마', '전쟁']","평균 ★3.6 (2,466명)",베니스
1965,시그노르 & 시그노리,['피에트로 제르미'],"[{'name': '이탈리아'}, {'name': '프랑스'}]",[],평균 ★3.1 (83명),칸
1965,낵 앤 하우 투 겟 잇,['리처드 레스터'],[{'name': '영국'}],['코미디'],평균 ★3.1 (93명),칸
1965,사운드 오브 뮤직,['로버트 와이즈'],[{'name': '미국'}],"['드라마', '가족', '로맨스']",평균 ★4.1 (46만명),아카데미
1965,알파빌,['장 뤽 고다르'],"[{'name': '이탈리아'}, {'name': '프랑스'}]","['로맨스', '드라마', '스릴러']","평균 ★3.6 (1,187명)",베를린
1965,희미한 곰별자리,['루키노 비스콘티'],"[{'name': '이탈리아'}, {'name': '프랑스'}]","['드라마', '미스터리', '전쟁', '스릴러']",평균 ★3.6 (283명),베니스
1964,쉘부르의 우산,['자끄 드미'],"[{'name': '프랑스'}, {'name': '독일(구 서독)'}]","['드라마', '로맨스']",평균 ★3.7 (1만명),칸
1964,마이 페어 레이디,['조지 쿠커'],[{'name': '미국'}],"['가족', '로맨스', '드라마']",평균 ★3.7 (2만명),아카데미
1964,메마른 여름,['메틴 에륵산'],[{'name': '터키'}],[],평균 ★3.4 (19명),베를린
1964,붉은 사막,['미켈란젤로 안토니오니'],"[{'name': '이탈리아'}, {'name': '프랑스'}]",['드라마'],평균 ★3.7 (815명),베니스
1963,레오파드,['루키노 비스콘티'],[{'name': '이탈리아'}],['드라마'],"평균 ★3.0 (2,368명)",칸
1963,톰 존스의 화려한 모험,['토니 리처드슨'],[{'name': '영국'}],['로맨틱코미디'],평균 ★3.1 (302명),아카데미
1963,디아볼로,['지안 루이지 폴리도로'],[{'name': '이탈리아'}],['스릴러'],평균 ★3.5 (26명),베를린
1963,부시도,['이마이 타다시'],[{'name': '일본'}],"['액션', '드라마']",평균 ★3.6 (38명),베를린
1963,도시 위에 군림하는 손,['프란체스코 로시'],"[{'name': '이탈리아'}, {'name': '프랑스'}]",['드라마'],평균 ★3.3 (88명),베니스
1962,산타 바바라의 맹세,['안셀무 두아르테'],[{'name': '브라질'}],[],평균 ★3.1 (105명),칸
1962,아라비아의 로렌스,['데이비드 린'],[{'name': '영국'}],"['전쟁', '드라마', '모험']",평균 ★3.8 (2만명),아카데미
1962,사랑의 유형,['존 슐레진저'],[{'name': '영국'}],"['로맨스', '드라마']",평균 ★3.3 (26명),베를린
1962,이반의 어린 시절,['안드레이 타르코프스키'],[{'name': '소련'}],"['드라마', '전쟁']","평균 ★3.9 (2,592명)",베니스
1962,크로나카 파밀리아레,['발레리오 추를리니'],[{'name': '이탈리아'}],['드라마'],평균 ★2.6 (4명),베니스
1961,이토록 긴 부재,['헨리 콜피'],"[{'name': '프랑스'}, {'name': '이탈리아'}]",['드라마'],평균 ★3.8 (10명),칸
1961,두 여인,['비토리오 데 시카'],"[{'name': '이탈리아'}, {'name': '프랑스'}]","['전쟁', '드라마']",평균 ★3.4 (330명),칸
1961,비리디아나,['루이스 부뉴엘'],"[{'name': '스페인'}, {'name': '멕시코'}]",['드라마'],평균 ★3.9 (792명),칸
1961,웨스트 사이드 스토리,"['제롬 로빈스', '로버트 와이즈']",[{'name': '미국'}],"['음악', '범죄', '드라마', '로맨스']",평균 ★3.6 (1만명),아카데미
1961,밤,['미켈란젤로 안토니오니'],"[{'name': '이탈리아'}, {'name': '프랑스'}]",['드라마'],평균 ★3.9 (394명),베를린
1961,지난 해 마리앙바드에서,['알랭 레네'],"[{'name': '프랑스'}, {'name': '이탈리아'}]","['공포', '드라마', '스릴러', '미스터리']","평균 ★3.8 (1,694명)",베니스
1960,달콤한 인생,['페데리코 펠리니'],"[{'name': '이탈리아'}, {'name': '프랑스'}]",['드라마'],"평균 ★3.8 (2,008명)",칸
1960,아파트 열쇠를 빌려드립니다,['빌리 와일더'],[{'name': '미국'}],"['로맨틱코미디', '드라마', '코미디']","평균 ★3.9 (4,963명)",아카데미
1960,라인강을 넘어,['안드레 카야트'],[{'name': '프랑스'}],['드라마'],평균 ★3.1 (71명),베니스
1959,흑인 오르페,['마르셀 까뮈'],"[{'name': '브라질'}, {'name': '프랑스'}, {'name': '이탈리아'}]","['드라마', '판타지', '음악', '로맨스']","평균 ★3.5 (1,322명)",칸
1959,벤허,['윌리엄 와일러'],[{'name': '미국'}],"['모험', '역사', '로맨스', '드라마', '액션']",평균 ★4.0 (9만명),아카데미
1959,엘 라사리요 데 토르메스,['세자르 페르난데즈 아르다빈'],"[{'name': '스페인'}, {'name': '이탈리아'}]","['드라마', '코미디']",평균 ★3.2 (16명),베를린
1959,사촌들,['끌로드 샤브롤'],[{'name': '프랑스'}],['드라마'],평균 ★3.6 (212명),베를린
1959,제너럴 델라 로베레,['로베르토 로셀리니'],"[{'name': '이탈리아'}, {'name': '프랑스'}]",[],평균 ★3.2 (94명),베니스
1959,더 그레이트 워,['마리오 모니셀리'],"[{'name': '이탈리아'}, {'name': '프랑스'}]","['전쟁', '드라마', '코미디']",평균 ★3.1 (72명),베니스
1958,지지,['빈센트 미넬리'],[{'name': '미국'}],['로맨틱코미디'],"평균 ★2.7 (1,173명)",아카데미
1958,무호마츠의 일생,['이나가키 히로시'],[{'name': '일본'}],[],평균 ★3.1 (122명),베니스
1957,학이 난다,['미하일 칼라토조프'],[{'name': '소련'}],"['전쟁', '드라마', '로맨스']",평균 ★3.6 (562명),칸
1957,콰이강의 다리,['데이비드 린'],"[{'name': '영국'}, {'name': '미국'}]","['전쟁', '드라마']",평균 ★3.7 (1만명),아카데미
1957,산딸기,['잉마르 베리만'],[{'name': '스웨덴'}],['드라마'],"평균 ★3.9 (2,466명)",베를린
1957,12명의 성난 사람들,['시드니 루멧'],[{'name': '미국'}],"['범죄', '드라마']",평균 ★4.2 (5만명),베를린
1956,우정어린 설득,['윌리엄 와일러'],[{'name': '미국'}],"['전쟁', '로맨스', '드라마']",평균 ★3.3 (185명),칸
1956,침묵의 세계,"['루이 말', '자크-이브 쿠스토']","[{'name': '이탈리아'}, {'name': '프랑스'}]",['다큐멘터리'],평균 ★3.6 (133명),칸
1956,80일간의 세계일주,['마이클 앤더슨'],[{'name': '미국'}],"['코미디', '모험']","평균 ★3.4 (9,088명)",아카데미
1956,인버테이션 투 더 댄스,['진 켈리'],[{'name': '미국'}],"['액션', '드라마', '스릴러']",평균 ★3.4 (11명),베를린
1956,아푸 제2부 - 아파라지토,['사티야지트 레이'],[{'name': '인도'}],['드라마'],평균 ★3.7 (336명),베니스
1955,마티,['델버트 맨'],[{'name': '미국'}],"['로맨틱코미디', '드라마']","평균 ★3.0 (1,223명)",칸
1955,마티,['델버트 맨'],[{'name': '미국'}],"['로맨틱코미디', '드라마']","평균 ★3.0 (1,223명)",아카데미
1955,더 랫츠,['로버트 시오드맥'],[{'name': '독일'}],['드라마'], ,베를린
1954,워터프론트,['엘리아 카잔'],[{'name': '미국'}],"['드라마', '범죄', '로맨스']","평균 ★3.6 (2,854명)",아카데미
1954,홉슨의 사위 고르기,['데이비드 린'],[{'name': '영국'}],"['로맨틱코미디', '드라마']",평균 ★3.7 (27명),베를린
1954,오데트,['칼 테오도르 드레이어'],[{'name': '덴마크'}],['드라마'],평균 ★4.0 (788명),베니스
1954,로미오와 줄리엣,[],"[{'name': '이탈리아'}, {'name': '영국'}]",['로맨스'],"평균 ★3.7 (2,889명)",베니스
1953,지상에서 영원으로,['프레드 진네만'],[{'name': '미국'}],"['로맨스', '전쟁', '드라마']","평균 ★3.6 (2,658명)",아카데미
1953,공포의 보수,['앙리 조르주 클루조'],"[{'name': '프랑스'}, {'name': '이탈리아'}]","['스릴러', '드라마', '모험']","평균 ★3.8 (1,257명)",베를린
1952,지상 최대의 쇼,['세실 B. 데밀'],[{'name': '미국'}],"['로맨스', '드라마']","평균 ★2.7 (1,046명)",아카데미
1952,금지된 장난,['르네 클레망'],[{'name': '프랑스'}],"['드라마', '전쟁']","평균 ★3.8 (3,618명)",베니스
1951,파리의 아메리카인,['빈센트 미넬리'],[{'name': '미국'}],"['드라마', '로맨스']","평균 ★3.4 (2,687명)",아카데미
1951,원 섬머 오브 해피니스,['아른 매트슨'],[{'name': '스웨덴'}],"['로맨스', '드라마']", ,베를린
1951,위드아웃 리빙 언 어드레스 ,['장 폴 르 샤누아'],[{'name': '프랑스'}],"['드라마', '코미디']", ,베를린
1951,포 인 어 지프,"['레오폴드 린트버그', '엘리자베스 몬타그']",[{'name': '스위스'}],['드라마'], ,베를린
1950,이브의 모든 것,['조셉 L. 맨키위즈'],[{'name': '미국'}],['드라마'],"평균 ★3.7 (3,150명)",아카데미
1950,신데렐라,"['윌프레드 잭슨', '해밀턴 러스크', '클라이드 제로니미']",[{'name': '미국'}],"['애니메이션', '판타지', '로맨스', '드라마']",평균 ★3.7 (8만명),베를린
1950,재판은 끝났다,['안드레 카야트'],[{'name': '프랑스'}],['드라마'],평균 ★3.8 (2명),베를린
1950,인 비버 밸리,['제임스 알가'],[{'name': '미국'}],"['가족', '다큐멘터리']", ,베를린
1950,라쇼몽,['구로사와 아키라'],[{'name': '일본'}],"['범죄', '드라마', '미스터리']",평균 ★3.8 (3만명),베니스
1950,재판은 끝났다,['안드레 카야트'],[{'name': '프랑스'}],['드라마'],평균 ★3.8 (2명),베니스
1949,모두가 왕의 부하들,['로버트 로즌'],[{'name': '미국'}],"['범죄', '액션', '드라마']","평균 ★2.6 (1,126명)",아카데미
1949,마농,['앙리 조르주 클루조'],[{'name': '프랑스'}],[],평균 ★3.4 (139명),베니스
1948,햄릿,['로렌스 올리비에'],[{'name': '영국'}],['드라마'],평균 ★3.6 (982명),아카데미
1948,햄릿,['로렌스 올리비에'],[{'name': '영국'}],['드라마'],평균 ★3.6 (982명),베니스
1947,신사협정,['엘리아 카잔'],[{'name': '미국'}],"['로맨스', '드라마']","평균 ★2.8 (1,224명)",아카데미
1947,더 스트라이크,['카렐 스테클리'],[{'name': '체코(구 체코슬로바키아)'}],['드라마'], ,베니스
1946,우리 생애 최고의 해,['윌리엄 와일러'],[{'name': '미국'}],"['로맨스', '드라마']","평균 ★3.4 (1,381명)",아카데미
1945,잃어버린 주말,['빌리 와일더'],[{'name': '미국'}],"['범죄', '액션', '드라마']",평균 ★3.5 (545명),아카데미
1945,남쪽 사람,['장 르누아르'],[{'name': '미국'}],['드라마'],평균 ★3.7 (38명),베니스
1944,나의 길을 가련다,['레오 맥캐리'],[{'name': '미국'}],"['드라마', '코미디']",평균 ★3.2 (266명),아카데미
1942,카사블랑카,['마이클 커티즈'],[{'name': '미국'}],"['전쟁', '로맨스', '드라마']",평균 ★3.8 (2만명),아카데미
1942,미니버 부인,['윌리엄 와일러'],[{'name': '미국'}],"['로맨스', '전쟁', '드라마']",평균 ★3.3 (255명),아카데미
1941,나의 계곡은 푸르렀다,['존 포드'],[{'name': '미국'}],"['로맨스', '드라마']",평균 ★3.9 (866명),아카데미
1940,레베카,['알프레드 히치콕'],[{'name': '미국'}],"['드라마', '미스터리', '로맨스', '스릴러']",평균 ★3.9 (1만명),아카데미
1939,바람과 함께 사라지다,['빅터 플레밍'],[{'name': '미국'}],"['전쟁', '로맨스', '시대극', '드라마', '코미디', '역사']",평균 ★4.0 (13만명),아카데미
1938,우리들의 낙원,['프랑크 카프라'],[{'name': '미국'}],['로맨틱코미디'],평균 ★3.5 (314명),아카데미
1937,에밀 졸라의 생애,['윌리엄 디터리'],[{'name': '미국'}],['드라마'],평균 ★3.3 (290명),아카데미
1936,위대한 지그펠드,['로버트 Z. 레너드'],[{'name': '미국'}],['드라마'],평균 ★3.0 (176명),아카데미
1935,바운티호의 반란,['프랭크 로이드'],[{'name': '미국'}],"['모험', '드라마', '역사', '로맨스']",평균 ★3.3 (403명),아카데미
1934,어느날 밤에 생긴 일,['프랑크 카프라'],[{'name': '미국'}],['로맨틱코미디'],"평균 ★3.7 (3,898명)",아카데미
1933,캐벌케이드,['프랭크 로이드'],[{'name': '미국'}],['드라마'],평균 ★2.9 (126명),아카데미
1932,그랜드 호텔,['에드먼드 굴딩'],[{'name': '미국'}],"['로맨스', '드라마']",평균 ★3.5 (508명),아카데미
1931,시마론,['웨슬리 러글스'],[{'name': '미국'}],['드라마'],평균 ★2.9 (202명),아카데미
1930,서부 전선 이상 없다,['루이스 마일스톤'],[{'name': '미국'}],"['전쟁', '드라마']","평균 ★3.7 (2,910명)",아카데미
1929,브로드웨이 멜로디,['해리 부몽'],[{'name': '미국'}],[],평균 ★3.0 (200명),아카데미
1927,날개,['윌리엄 A. 웰먼'],[{'name': '미국'}],['전쟁'],평균 ★3.2 (277명),아카데미
