,연도,제목,감독,제작국가,장르,왓챠평점,영화제,관객수,매출액,네티즌평점,평론가평점,네티즌리뷰,평론가리뷰
0,2020,사탄은 없다,모함마드 라술로프,"독일, 이란, 체코","드라마, 액션",3.7,베를린,,,,,[],[]
1,2020,노마드랜드,클로이 자오,"미국, 독일",드라마,3.8,베니스,,,,,[],[]
2,2019,기생충,봉준호,한국,드라마,4.3,칸,10252659,86963603405,8.48,9.06,"['비에 젖지 않는 고급 장난감 텐트와, 비에 젖다 못해 잠겨버리는 반지하 가구', '최근 본 영화중 가장 충격적이었음... 근데 보니까 15세말고 19세 걸어야될것같던데..', '지하철이라는 단어가 언급되는 순간, 대다수의 관객은 자신이 어디에 이입할 지를 안다.', '전 가정부가 집 벨 누를 때 부터 이 영화는 장르가 바뀐다... 역대급 꿀잼영화', '황금종려상 수상작을 자막 없이 볼 수 있다는 것 자체로 좋다.', '반지하가 제일 아래인줄 알았다. 내려가보니 지하도 있었다.', '뭔가 모를 불쾌한 영화였다. 영화가 불쾌하다는게 아니라 보는 내내 가슴에 뭔가 영화에서 나오는 수석이 얹혀져있는 영화다.', '나 또한 누군가의 사람 사는 냄새에 얼굴 찌푸리진 않았었나..', '누군가의 냄새를 맡고, 평가하고, 묘사할 수 있는 것 또한 권력. 냄새로 서로를 알아보고 경계하고 구분짓는 동물들의 세계와 우리 사회는 참 닮아있다.', '박서준이 잘못했네ㅋㅋㅋㅋ']","['심규한<씨네플레이> 기자\n감출 수 없는 것과 이룰 수 없는 꿈\n별점 - 총 10점 중\n9\n감출 수 없는 가난의 흔적은 숨겨지지 않는 체취로 남아있다. 반지하에 걸쳐진 삶은 지상을 향하는 욕망과 지하로 추락하는 공포가 공존한다. 내 손에 쥔 행복을 나눌 수 없기에 서로의 간극은 더 넓혀질 뿐이다. 이룰 수 없는 꿈을 이야기하는 이 영화는 어떤 호러보다 처절한 두려움을 선사한다. 인물들의 연기는 빈틈 하나 없이 모든 장면에 꽉 채워 들어앉았고, 예상할 수 없는 전개에 넋을 놓고 따라가다가도 송곳 같은 유머를 만나 키득거린다. 감춰진 상징과 의미를 모두 덜어내더라도 영화가 선사하는 즐거움을 만끽하기에 충분하다. 동시대를 살고 있어 만난 행운 같은 영화다.', '이은선영화 저널리스트\n봉준호의 새로운 걸작\n별점 - 총 10점 중\n9\n우리의 마음에는 무엇이 기생하는가. 무엇이 우리를 ‘무계획이 계획’인 삶으로 몰아넣는가. 그 탐구를 위해 감독의 시선은 아래로, 더 아래로 내려간다. 기막힌 박자감과 유머가 뒤섞인 한바탕 난장처럼 보이지만, 뜯어볼수록 미술과 음악을 포함해 영화를 구성하는 모든 요소가 더없이 정교하다. 더욱 중요한 건 극장 밖을 나서는 순간 관객들에게 이어지는 실감이다. 다닥다닥 붙은 좁은 골목의 반지하들, 흔한 지하철 속 풍경들을 바라보는 시선은 전과는 조금 달라진다. 스스로는 잘 느껴지지 않던 나의 냄새를 맡아본다. 마음에는 무거운 돌덩이가 착 달라붙는다. 이 슬픈 실감이야말로 <기생충>을 진정으로 완성하는 마지막 조각일 것이다. 감독의 상상력을 완벽한 실재로 구현해낸 배우들의 연기는 감탄 그 이상을 부른다. 납득되기 어려운 무언가를 배우들의 연기로 넘어서게 만드는 지점들이 있다. 송강호라는 믿음직한 코어를 중심으로 모든 배우들이 저마다 완벽에 가까운 음을 쌓아올린다. 특히 조여정과 이정은을 중요하게 언급하고 싶다. 결코 쉽지 않은 역할을 경이로운 내공으로 소화한다.', '이지혜영화 저널리스트\n블랙 코미디로 그린 계급사회의 지형도\n별점 - 총 10점 중\n9\n봉준호 감독은 꼬리 칸 승객들은(<설국열차>) 앞 칸으로 가기 위해 몸부림이라도 칠 수 있었지만 그럴 수도 없거니와 그럴 의지마저 박탈당한 현시대의 공기를 <기생충>에 담아냈다. 고지대와 저지대, 지상과 지하 등 공간의 낙차를 이용해 노골적으로 계급성을 부각시키고, 각종 모순 속에서 살아가는 인물들은 그 자체로 한국 사회가 된다. 서로 다른 계급의 가족들이 부딪쳐서 생겨나는 불협화음에 키득키득 웃다 보면 어느새 입안에 쓴맛이 가득 고인다.', '이화정<씨네21> 기자\n더 넓게, 더 깊게. 확장의 시력으로 현 사회 계급을 탐색하는 봉테일적 시각\n별점 - 총 10점 중\n9\n봉준호 감독의 영화는 수평과 수직 가로지르기다. 신자본주의 사회 이분법적인 빈부의 세계를, 이렇게 나눠진 구조 안에서 하층민의 시각으로 바라본다. 바닥을 치고 올라가고자 했던 한 평범한 가족의, 바닥을 친 모멸감이 뚫고 올라와 일으킨 비극. 전원 백수, 반지하에 사는 한 가족이 지금의 ‘하녀’, ‘을’의 입장에서 꿈꾼 잠깐의 설렘이 1960~70년대 김기영의 <하녀>가 이루고자 했다 실패한 소박한 신분 상승의 욕망과 오롯이 겹쳐진다. 이 사건을 결과만 놓고 보면 어떻게 이들의 행동을 납득시키고 설명하지 하는 그런 식의 이야기를 보았다. 그 누구의 악의도 없이 일어난, 건널 수 없는 이 사회의 모난 형태. 웃기다가 슬프고 거기 더해 씁쓸함이 입안에 남아 감돈다. 봉준호의 최고작인가를 떠나, 봉준호 감독의 영화가 그간 고민하고 성취해 온 지점을 파고파고 확장시키고, 또 이어붙여 만든 잘 정련된 최상의 포트폴리오임에는 틀림없다. 남김없이 끝까지 간다.', '정시우영화 저널리스트\n다 떠나서 일단, 재밌다\n별점 - 총 10점 중\n9\n장르영화의 최전선에서, 장르의 규칙은 조금씩 비틀며, 기존 장르영화와는 결이 다른 장르물을 그려 온 ‘봉준호리즘’의 확장판. 섞이지 않을 것 같은 요소들을 능구렁이처럼 혼합한 손맛이 찰지다. 김기영 감독 <하녀>의 세계관을 <설국열차>에 태워 <마더>의 잔혹성에 잠시 정차했다가 <살인의 추억>의 사회 부조리를 경유해 <지리멸렬>한 세상으로 향한다. 하강의 아찔함을 치밀하게 설계한 수직의 로케이션, 배우 동선에 리듬을 부여하는 세트 디자인, 쉬지 않고 터지는 블랙 유머도 <기생충>과 공생한다. 웃다가 경탄하다가 경악하다가 종국엔 서글퍼지는, 작품성과 오락성이 팽팽하게 배합된 봉준호식 짜파구리. 다 떠나서 일단, 재밌다.', '정유미영화 저널리스트\n봉준호 월드의 도약\n별점 - 총 10점 중\n9\n전작 <옥자>가 봉준호 월드의 확장이었다면, <기생충>은 봉준호 월드의 도약이다. 단숨에 최고층에 올랐다기보다는 작품마다 쌓은 주제가 견고한 계단을 놓았다는 표현이 적절할 것이다. 자본주의 한복판에 살고 있는 가족의 이야기는 실내극 형식을 취하면서 이전보다 직접적이고 밀도 높게 그려졌다. 중반까지 속력을 내는 코미디와 전환점 이후에 넘실대는 장르의 변주는 완벽한 계획대로 실행되며 재미를 안긴다. 장르적 쾌감에 비례해 메시지는 가슴을 짓누른다. 자본주의의 온갖 격차를 체감하는 관객의 급소를 찌르고 후벼 판다. 21세기 한국 사회를 정확히 조준하는 봉준호의 일격 화살, 봉준호 월드에서 가장 아린 새드 무비.']"
3,2019,시너님스,나다브 라피드,"프랑스, 이스라엘, 독일",드라마,3.3,베를린,,,,,[],[]
4,2019,조커,토드 필립스,미국,"스릴러, 드라마, 범죄",3.9,베니스,5229027,45215057210,8.66,7.64,"['착하게 사는것은 높은 계단을 오르는것과 같지만 포기하고 내려갈때는 너무나도 빠르고 즐겁다.', '하여간 역대 조커들은 너무 완벽해. 시저 로메로, 잭니콜슨, 로저 스톤버너, 히스레저, 박명수, 호아킨 피닉스..', '명작들만 골라서 번역하는 박지훈이야말로 이시대의 조커 아닐까?', '마블은 10년간 공들여 만든 ""타노스""로 관객을 열광시키고 DC는 10년간 똥을 싸도 ""조커"" 하나로 다시 부활한다.', '작은 친구의 이마에 입맞춤하던, 그리고 닿을 수 없는 잠금을 풀며 사과하던, 그가 아서였던 마지막 순간.', '조커 분장 후 계단씬 지린다..', '나락에 떨어진 불행한 인간의 손을 아무도 잡아주지 않을 때 그 손을 잡아준건 광기였다', '봉오동전투에6점을주고 조커에5점을주는 김현수평론가는 누구인가...', '연기 스토리도 오지는데 장면마다 깔리는 음악들이 압권임 진짜', '이게 19세가 아니라니 영등위 제정신인가? 마지막에 나도 모르게 조커를 따라 웃고있더라. 정신적으로 엄청 위험한 영화임.그리고 번역오류는 없다 하는데 정작 중요한 편지읽는장면에서 핵심단어를 맘대로 빼놓고 지 맘대로 ...']","['송경원<씨네21> 기자\n조커의 매력이 아닌 호아킨 피닉스의 위력\n별점 - 총 10점 중\n7\n여러 의미에서 미친 영화가 나왔다. 어떤 식으로든 관객을 뒤흔든다. 토드 필립스와 호아킨 피닉스는 조커라는 위험한 캐릭터의 기원을 매혹적이고 도전적인 방식으로 더듬어나간다. 기본적으론 자기애적 망상장애를 앓는 한 남자가 자신의 정체성을 찾으려다 의도치 않게 상징이 되어버린 이야기. <택시 드라이버>, <코미디의 왕> 등 영화에 빚을 지고 있는 만큼 내러티브가 새롭다고 보긴 어렵다. 다만 여기에 조커라는 캐릭터가 덧씌워지고, 그것이 호아킨 피닉스의 육체를 통해 구현될 때 상상 이상의 폭발력을 갖는다. 아쉬운 건 이게 굳이 조커였어야 할 필요가 그다지 설득되지 않는다는 것. 금방이라도 망가질 것 같은 불안감과 휘몰아치는 에너지는 부정할 수 없지만 이 모든 건 조커라는 캐릭터가 아니라 배우 호아킨 피닉스를 향해 수렴된다. ‘조커는 무엇인가’에 대한 질문과 매혹 대신 조커를 연기한 호아킨 피닉스로만 기억될 영화.', '심규한<씨네플레이> 기자\n너무나 매력적이라 오히려 위태로운\n별점 - 총 10점 중\n8\n조커라는 가장 어둡고 위험한 캐릭터의 기원을 이야기한다. 한 남자가 세상의 멸시와 소외의 터널을 지나며 악인의 모습으로 변하는 과정은 호아킨 피닉스의 뒤틀려가는 표정으로 묘사되는데, 다양한 감정이 그의 육체를 통해 드러날 때마다 강렬한 감동에 휩싸인다. 사회의 부조리를 정면으로 드러내는 히어로물의 탄생이 반가우면서도 불안한 것은 폭력을 사회의 모순에 정당한 대항으로 받아들일 위험 때문이다. 여러모로 이야깃 거리가 많은 문제작이자, 정체성을 잃고 오락가락하던 DC에 확신을 안겨준 완벽히 DC 다운 영화.', '이은선영화 저널리스트\n가장 파괴적인, 혹은 가장 슬픈 조커 비긴즈\n별점 - 총 10점 중\n8\n조커라는 불가해한 인물을 이해하기 위해서는 완전히 다른 접근이 필요했고, 결과적으로 이 접근은 타당하다. 영화에 처음 등장할 때까지만 해도 아서(호아킨 피닉스)는 세상이 원하는 질서에 자기 자신의 모습을 맞추려 노력한다. 통하지도 않을 대화를 시도한다. 하지만 “서로에 대한 배려 없이 미쳐 돌아가는” 세상에서, 결국 그 역시 예의를 포기한다. 뚜렷한 목적성이 없음은 이 인물을 더욱 두려운 존재로 만든다. 그저 코미디로 세상과 소통하고 싶었던 한 사람이 반(反) 영웅이 되는 역설. <조커>는 그 역설을 이야기하는 영화다. 피닉스의 연기는 삶의 무게가 매달린 발을 질질 끌며 살아가야 했던 외톨이의 폭주를 납득 가능한 것으로 만들고야 만다.', '이화정<씨네21> 기자\n어둠 말곤 보이지 않는, 다키스트 시티\n별점 - 총 10점 중\n8\n무엇을 상상하든 <조커>는 상상 이상이다. DC 코믹스 원작을 바탕으로 수도 없이 변주되어온 조커에 토드 필립스 특유의 색깔을 입혔다. 차별과 편견으로 그늘진 도시의 구석, 조커는 어쩌면 필연적으로 깨어날 존재의 형상일지 모른다. 숨결 하나까지 조커를 체화한 호아킨 피닉스의 연기는 역대급. 조커의 행위에 대한 이해와 설득의 범주를 떠나, 그 변화를 따라가게 만든다. 그동안 코미디 감독으로 재능을 뽐내온 토드 필립스도 다시 태어났고, 조커도 다시 태어났다.', '정시우영화 저널리스트\n멱살 잡고 놓아주지 않는 호아킨 피닉스\n별점 - 총 10점 중\n9\n<행오버> 시리즈를 연출한 토드 필립스 작품이라니, 소오름. 그러나 <조커>는 일말의 의심 없는 호아킨 피닉스의 영화다. 호아킨 피닉스의 얼굴이 위태롭게 흔들리고, 삐쩍 마른 몸이 기이하게 뒤틀릴 때마다 보는 이의 마음 또한 격렬하게 진동한다. 사회 부적응자에서 조커로 안면을 바꾸는 피닉스의 압도적인 클로즈업은, 배우의 얼굴이 그 자체로 스펙터클이자 스릴이자 예술이 될 수도 있음을 보여주는 대단한 기록이다. 왜 아니겠는가. 될 수 있으면 큰 스크린으로 보시라. 트라우마 입은 <택시 드라이버>가 사회에 적응하지 못하는 남자를 태워 <코미디의 왕>을 경유하는 듯한 <조커>는 종국엔 호아킨 피닉스의 <너는 여기에 없었다>와도 조우하며 단순한 히어로물을 넘어 사회드라마로 영역을 확장한다. 그리고 이 모든 걸 쓸어 담는 호.아.킨.피.닉.스. 히스 레저가 남긴 조커 신화에 대적하는 조커가 이토록 빨리 등장할 줄 그 누가 알았을까. 배우 연기가 개연성이고 드라마이고 심장인 작품. (덧. 마블은 ‘조크’에 능하고, DC는 ‘다크’에 강하다는 사실.)']"
5,2018,어느 가족,고레에다 히로카즈,일본,"범죄, 드라마",4.1,칸,123614,1037979700,9.21,8.13,"['우리는 행복했는데, 사회는 행복했을리 없다고 한다.', '안도사쿠라가 취조하다가 우는 장면은 정말 소름이었다. 아무리 연기라고 생각해도 실제상황처럼 숙연하게 만들었다.', '아니 그래도 칸 황금종려상 받은 영화인데 상영관 너무 없는거 아님??', '문방구할아버지도 인상적이였다 그동안 쇼타와 린이 물건훔쳐온거 이미 알고 있었음에도 모른 척했으며 자기가 이제 세상을 떠날 날이 얼마남지 않자 물건훔치고 가려는 쇼타한테 오히려 간식 2개주면서 여동생 린한테 훔치는거 ...', '큰 기대 없이 봤는데, 영화를 본 후 다시 예고편을 재생하며 여운을 달래고 있다. 칸 영화제 황금종려상 타이틀은 절대로 그냥 주어진 것이 아니라는 생각이 들었다. 노부요 역할의 안도 사쿠라가 보여준 눈빛연기는 아주 ...', '버리지않았어요 주운거에요', '안도 사쿠라가 눈물을 닦으며 뭘까요 라고 얘기하는 장면이 이 영화의 모든 것.', '현대 사회에서 가족에 대해 정의하라했을 때 고레에다 히로카즈 감독만큼 답할 수 있는 사람이 있을까? 할머니와 쇼타가 묵음으로 말할 때와 린이 가족을 처음 만난 장소에서 서성이는 모습을 조용히 보여주며 끝날 때 더 큰...', '일본 특유의 여운을 남기는 영화. 어릴 적엔 지루하고 재미가 없었는데 나이먹고 보니 그게 아니었다. 인생을 정해진 타인의 잣대로 함부로 판단하지말라는 경고같은 영화다.', '영화관에선 새드엔딩이라 마음 아팠는데 집으로 가는길 곱씹어보니 해피엔딩인것 같네요. 분명 사랑하지만 앞에서 대놓고 사랑한다고 말 못하면 그게 가족인것 같습니다.']","['송경원<씨네21> 기자\n고레에다의 가족 연대기. 삶도 영화도 함께 한 세월 속에 물들어간다.\n별점 - 총 10점 중\n9\n한동안 자기 반복적인 소품을 선보였던 고레에다는 자신의 사전에 실린 가족이란 단어를 비로소 완성한 것 같다. <아무도 모른다>부터 <세 번째 살인>까지 모든 영화의 흔적들이 섞여 있는데 위화감이나 돌출되는 지점이 거의 없다. 심지어 인물들에게마저 공평하다. 누군가의 시점이 아니라 가족이라는 덩어리, 관계 자체가 주인공이다. 숙련되고 섬세하고 정밀한 장인의 경지. 매끈하고 우아하면서 동시에 신랄하다. 다만 이건 한편으로 매우 안전하고 정돈된 잔혹함이기도 하다. 소복이 쌓인 눈처럼 세월을 두른 키키 키린의 존재감이야 그러려니 해도, 안도 사쿠라에게 허락된 몇몇 장면은 좋은 의미에서 영화의 밸런스를 깨고도 남을 만큼 압도적이다.', '이은선영화 저널리스트\n고레에다 히로카즈의 어떤 경지\n별점 - 총 10점 중\n8\n고레에다 히로카즈 가족영화의 집대성이자 새로운 시즌. 세상의 사각지대에 방치된 아이들을 향한 <아무도 모른다>의 시선, 가족의 조건이 핏줄인지 함께 한 시간인지를 묻는 <그렇게 아버지가 된다>의 질문 등 감독의 전작과 조금씩 접점을 가지면서도 한층 깊어진 세계다. 이 영화의 카메라는 인물에 대한 존중의 거리를 지키면서도 이야기의 깊이를 만들어낼 수 있음을 증명한다. 감독의 영화 가운데 유례없이 육체성이 두드러지는 작품이기도 하다. 가족이 처한 냉정한 상황들의 날카로운 단면보다 그들이 흘리는 땀과 눈물의 점성, 서로를 쓰다듬고 부둥켜안는 감각이 더 진하게 남는다. 안도 사쿠라의 존재감은 그가 이제라도 고레에다의 세계에 합류한 것이 다행이라고 여겨질 정도다.', '이화정<씨네21> 기자\n고레에다의 가족 집대성. 냉정한 시선으로 끌어모은 온기\n별점 - 총 10점 중\n8\n고레에다 히로카즈 감독은 자신의 가족영화의 집대성이라 할만한 <어느 가족>에 이르러, ‘만들어진’ 가족을 조명한다. 비정규직 노동자, 빈곤, 결핍 등 지금의 일본 사회가 해결하지 못하는 문제를 떠안고 있는 이 가족은 각각의 개체가 아닌 단위를 이룸으로써 사회가 돌아보지 않았던 자신들의 상처를 서로 위로해 나간다. 이 ‘무명 가족’의 디테일을 통해 고레에다 감독은 이 사회를 냉정하게 돌아볼 것을 권유한다. 고레에다의 영화 속 인물들이 늘 그렇듯, 아픈 건 어른들도 아이들도 마찬가지다. 스릴러를 가미한 드라마를 통한 냉정한 관찰이 바탕이 되지만, 이번엔 서로 꼭 안아주고 보호해주는 정서적 온도가 그 어느 때보다도 높아졌다.']"
6,2018,그린 북,피터 패럴리,미국,"코미디, 드라마, 음악",4.2,아카데미,319767,2693498708,9.59,7.29,"['폭설내리는밤 경찰이 두번째로 주인공이 몰고가는 차를 세웠을때 우린 경찰의 대사나 행동을 예측했을 것이다. 하지만 그 예측 자체가 영화보는내내 우리에게 생긴 편견임을 알고 뒤통수를 맞은 느낌이었다!', ""우리가 말모이와 스윙키즈처럼 중요한 역사적 소재에 빚지고도 허구의 신파 한가득 버무려놓아 눈물 쥐어짠 걸 의미있는 영화라 자아도취해 있을 동안, 헐리우드는 실화 소재로 이런 '작품'을 배출하는 경지에 ..."", '하.. 이런 영화가 상영관수, 상영시간을 많이 늘려야 되는데.. 진짜 예고편만 화려한 거품영화만 너무 독차지 하고있으니..아쉽', '보고나면 KFC 치킨이 존나 떙기는 영화임..', '빗속 셜리의 대사는 소름이 끼쳤다', '정말 많은 여운이 남은 영화네요. 꼭 봐야 할 영화입니다', '비고 모텐슨 형님 반지의 제왕에서 꽃미남 왕으로 열연하던게 엊그제 같은데 중년 마초역도 멋있잖아..', '2019년 아카데미 작품상은 그린 북, 남우조연상은 마허샬라 알리!', '경찰관에게 메리크리스마스 하는 장면..너무 조하 따뜻해..', '고상함 뒤에 숨겨진 추악함이란.토니의 변화는 놀랍고 셜리의 용기는 존경스럽다.금년 첫 영환데 시작이 좋네요']","['송경원<씨네21> 기자\n누가 더 약자인지 서로의 불행을 경쟁하지 않는, 어른의 우정.\n별점 - 총 10점 중\n7\n1960년대 미국, 아프리카계 흑인 피아니스트 돈 셜리가 인종차별이 극심한 미국 남부로 투어공연을 떠난다. 나이트클럽 경호원인 백인 토니를 운전사로 고용하면서 달라도 너무 다른 두 남자 사이 싹트는 우정을 그린 로드무비. 사회적 지위, 인종, 교양, 성격까지 정반대지만 인종차별이라는 거대한 부조리 앞에서 서로의 다름을 받아들이고 교감의 다리를 놓는 과정이 잔잔하게 펼쳐진다. 과장된 상황이나 억지 농담은 없다. 은근히 미소로 번지는 여유가 돋보이는 노련한 연출. 마허샬라 알리의 기품 있는 몸짓과 비고 모르텐슨의 투박한 언어가 캐릭터에 생동감 있는 색을 입힌다.', ""정시우영화 저널리스트\n이 우정, 그린라이트!\n별점 - 총 10점 중\n8\n공통분모가 전혀 없는 두 사람이 우정을 만들어나가는 과정은 특별할 게 없다. 길이 끝나는 지점에서 '출발 전과 달라진 나'를 발견하는 로드무비 형식의 성장기 또한 많이 봐 온 서사다. 흑인에게 쏟아지는 사회적 편견, 백인들의 이중성, 인간 존엄과 용기 등 영화가 품고 있는 소재 역시 신선할 게 없다. 그런데 이 모든 기시감이 만나는 <그린 북>은 특별하다. 허투루 낭비하는 장면이 거의 없는데, 그 안에 인물의 심리가 꼼꼼히 삽입돼 있고, 그것이 종국엔 인물들을 깊게 이해하도록 돕기 때문이다. 비고 모텐슨과 마허샬라 알리의 더할나위 없는 연기 또한 파란 불. 작은 동작과 분위기만으로도 캐릭터를 온전히 설명해 내는 섬세함은, 1차원적인 말로 상황을 설명하기 바쁜 영화들이 배워야 할 덕목이다. 그나저나 <덤 앤 더머>, <내겐 너무 가벼운 그녀> 등을 만든 피터 패럴리에게 이런 감수성이 있었다고? 아, 이 몹쓸 놈의 '편견'을 반성하며.""]"
7,2018,터치 미 낫,애디너 핀틸리,"루마니아, 독일, 체코, 불가리아, 프랑스",드라마,3,베를린,,,,,[],[]
8,2018,로마,알폰소 쿠아론,"미국, 멕시코",드라마,4.1,베니스,,,9.04,8.8,[],[]
9,2017,더 스퀘어,루벤 외스틀룬드,"덴마크, 스웨덴, 프랑스, 독일","드라마, 코미디",3.6,칸,4141,35134300,7.64,7.25,"['2017년 칸느 황금종려상을 올해 칸느 황금종려상과 함께 개봉을 하다니, 이게 한국영화판의 현실이다. 동네 극장은 많은데 신과 함께만 도배를 했다. 좋은 영화를 보려면 구석 먼곳을 찾아가야 한다. 영화가 멋진 예술이...', '예술은 있어도 예술적인 인생은 없다 !', '이 영화에 칸 영화제 황금종려상을 줬다는건, 유럽인들의 자학에 가까운 자기반성 아닐까. 유럽인의 똘레랑스 우아함 교양 다양성에 대한, 혹은 우리 안의 모든 ‘동물보다는 인간에 가깝다고 믿고싶은’ 것들을 무참히 깨버리...', '너무나 충격적이고 역시나 놀랍다. 이유는 유럽사람들이 생각하는 감정이라는 것이 이렇게 섬세한가 싶다. 우리는 사소한 일이라 취급하는 것을 그들은 소중하게 다룬다.', '선을 넘은 영화. 원숭이 퍼포먼스의 공포체험은 그야말로 압도적', '시간이 지날수록 보는 나를 몹시 불편하게하면서 좀 생각하게하는 영화', '이 세상 모든 아티스트병 연(예인)병을 앓고있는 속물들에게', '배려와 신뢰가 성역안에만 존재하게 된 현 사회의 모습을 보여주는 영화. 중간 중간 주인공과 닮은 시선을 한 스스로를 발견하게 되어서 슬펐다.', '리버럴 먹물들의 위선과 속물근성을 꼬집고 싶다는건 알겠어. 근데 너무 꼬았고, 너무 장황했다. 러닝타임 한 30분은 줄여도 됐을듯...', '재밌게 봤어요~! 스토리랑 연출이 완전 탄탄하더라고용']","['김형석영화 저널리스트\n불편한 진실\n별점 - 총 10점 중\n8\n스웨덴의 한 미술관 큐레이터인 크리스티앙(클라에스 방)이 겪는 일상적이면서도 기묘한 며칠 동안의 사건들. 사건의 표면과 속내를 오가는 감독의 솜씨가 뛰어나다. 위선과 냉소, 예술과 현실, 폭력과 관계, 모순과 거짓 등 다양한 테마들이 오가는 러닝타임은 카오스처럼 보일 때도 있지만, 반복되는 모티프들을 통해 독특한 질서를 만들어나간다. 관객을 다소 불편하게 하면서도 끊임없이 자극하며 이끌고 나간다.', '송경원<씨네21> 기자\n""도덕적 인간은 왜 나쁜 사회를 만드는가.""-로랑 베그\n별점 - 총 10점 중\n7\n스톡홀롬 현대미술관의 수석 큐레이터가 ‘더 스퀘어’ 프로젝트를 진행하는 와중에 연속적으로 곤란한 일이 일어난다. 사각의 공간 안에서 모두 동등한 권리와 의무를 가진 채 서로를 믿고 배려한다는 ‘더 스퀘어’는 올바른 시도지만 역설적으로 그렇기에 현실과의 괴리를 단적으로 드러낸다. 현대인, 지식인, 유럽인의 위선과 이중적인 태도를 꼬집는 블랙코미디. 도덕적 인간이 왜 비도덕적 공동체 안에 매몰될 수밖에 없는지, 정치적 올바름으로 포장된 미디어가 어떻게 현실감각을 무디게 하는지에 관한 차가운 웃음. 이론과 행동의 거리, 머리로 아는 것과 가슴으로 반응하는 일 사이의 거리를 통해 연대의 필요성을 다시금 화두의 중심에 올린다.', '심규한<씨네플레이> 기자\n현대인의 위선, 욕망을 가리는 치장\n별점 - 총 10점 중\n8\n어쩌면 위선은 인간이 가진 비도덕적인 욕망을 가리는 치장일지도 모른다. 하지만 치장으로는 본질을 모두 가리지 못하는 법이다. 그 누구도 현실 속에 상존하는 약자에 대한 편견을 숨길 수 없다. 모든 것이 완벽해 보이는 미술관 큐레이터 크리스티앙이 겪는 며칠간의 난처한 상황 속에서, 여지없이 드러나는 위선의 행위가 결국 우리 자신의 모습과 닮았음을 깨닫게 한다. 일상 안에 존재하는 수많은 현실적 문제에 대한 답을 묻는 영화.', '이은선영화 저널리스트\n위선이 발가벗겨지는 그곳\n별점 - 총 10점 중\n7\n재난 상황 안에서 인간의 본질을 해부했던 감독의 전작(포스 마쥬어: 화이트 베케이션)은 어쩌다 우연히 나온 결과물이 아니었다. 이 영화가 그것을 증명한다. 감독은 지식인, 경제적 안정을 이룬 이들, 예술가 집단 등 사회 계층의 윗선을 차지하는 이들의 위선을 발가벗긴다. 풍요와 복지라는 허울 좋은 이름 아래 이주민 등 사회 문제로부터 자유롭지 않은 북유럽 국가들의 민낯을 탐구하는 시도. 우스꽝스러운 상황들 안에 조롱과 냉소가 가득하다.', '정시우영화 저널리스트\n당신은 그의 위선을 비난할 수 있는가\n별점 - 총 10점 중\n7\n교통법 위반으로 딱지 떼고 있는 ‘도덕 선생님’을 발견했을 때의 기분이랄까. <더 스퀘어>는 질문을 던진다. ‘예술적/정치적 올바름’을 이론적으로 풍부하게 갖춘 사람이 실생활에서도 훌륭할까. 신뢰와 배려를 상징하는 예술 프로젝트 ‘더 스퀘어’ 홍보를 관장하는 큐레이터 크리스티안(클레에스 방)은 이 딜레마 안에서 결국 자폭한다. 사회적으로 인정받은 지식인인 그는, 자신이 궁지에 몰리자 사회적 약자에 대한 편견을 드러내고 지적 허영심을 노출시킨다. 그리나 ‘웃픈’ 주인공을 마냥 몰아세울 수는 없다. 그것이 우리의 모습이기도 하므로. 예술이 지닌 양면성과 현대인의 위선을 날카롭게 풍자한 블랙코미디다.']"
10,2017,셰이프 오브 워터: 사랑의 모양,기예르모 델 토로,미국,"모험, 스릴러, 판타지, 로맨스, 드라마",3.9,아카데미,477941,3969822300,8.33,8.18,"['장애, 인종, 성별, 성적지향. 마침내 이종간의 사랑까지 중심으로 내세운. 경계없는 사랑의 비정형화. 감각적 이미지와 미장센, 상징, 음악까지 미니멀하게 압축. 다만 둘의 에로스적 사랑으로 이어지기까지 감정을 설득력...', '주위에 개봉관이 없다 블랙팬서 골든슬럼버 조선명탐정 상영관 줄이고 이 영화 넣으면 되잖아 이런 영화를 홀대하냐', ""나도 '그녀'와 '그'가 행복하게 살았으리라 믿는다."", '목숨을 걸어서라도 일라이자가 괴물을 구출할만큼 교감이 있었나 싶었다... 교감하는 장면이 더 있었으면 좋았을텐데... 불필요한 노출도 약간 보임', '잠겨 죽어도 좋으니 너는 물처럼 내게 밀려오라!', '낯선 사랑조차 한 권의 동화처럼. 차별주의자들 눈에는 보이지 않는 그들만의 행복을 오랜 시간 지켜보고 싶다.', '음악이! 음악이 진짜 너무 좋았다. 영화 다 끝나고 나서도 엔딩 크레딧 음악 듣느라고 자리를 쉽게 일어나지 못했다. 따뜻한 푸른 빛의 아름다운 로맨스.', '골든 슬럼버같은 쓰레기영화 독점시키지 말고 이런 영화 좀 상영해줘라 개봉 당일인데 상영관이 뭐 이리 없어', '괴물보다 더 괴물같은 사람, 사람보다 더 사람같은 괴물', '집 근처 극장 세개 놔두고 택시타고 영화보러 갑니다...상영관이 너무 제한적이네요...']","['김형석 영화 저널리스트\n경계 없는 사랑\n별점 - 총 10점 중\n9\n인간과 어류(라기보다는 해양 괴생명체)의 사랑 이야기. 생물학적 종을 넘어, 이 영화의 사랑은 언어와 편견과 존재성 등 그 모든 경계를 가뿐하게 뛰어넘는다. 단순하면서도 들뜨지 않는 판타지 로맨스. 기예르모 델 토로 감독은 특유의 B급 정서도 그대로 살리면서 여기에 절절한 멜로의 감성을 결합한다.', '이은선 영화 저널리스트\n차별과 혐오의 시대에 부쳐\n별점 - 총 10점 중\n8\n‘괴물을 사랑한 감독’ 기예르모 델 토로의 손끝에서 탄생한, 어른들을 위한 동화. 한껏 잔혹하고 눈부시게 아름답다. 차별과 혐오가 만연한 시대의 냉소를 부드럽게 무너뜨리는 위대한 러브 스토리. 우리는 종종 쉽게 잊지만 사랑은 힘이 세고, 때로 그것은 인간이 인간답게 설 수 있는 감정임을 말한다. 상영관을 나서면서 이 영화 그리고 샐리 호킨스와 사랑에 빠지지 않기란 불가능하다.', '정시우 영화 저널리스트\n당신의 결핍을 내게 주세요\n별점 - 총 10점 중\n9\n기예르모 델 토로의 소유격이라 불리는 판타지 요소들이 한데 모인 영화다. 그리고 델 토로는 한 걸음 더 나아간다. 스파이스릴러, 필름 누아르, 심지어 뮤지컬 코드까지 소환한 그는 영화라는 매체가 ‘사랑’에 대해 담아낼 수 있는 가장 매혹적인 순간을 포착해 낸다. 무엇보다 이 영화에는 비주류들의 연대가 던지는 의미에 대한 깊고 너른 시선이 있다. 불완전한 상대를 끌어안는, 완전에 가까운 사랑의 형태. 황홀하다.', '이화정 <씨네21> 기자\n가장 이상적인 영화의 모양\n별점 - 총 10점 중\n8\n기예르모 델 토로의 판타지는 철저한 현실에 바탕을 둔다. 차별과 편견이 가득한 세상, 괴생명체와 청소부의 사랑은 소외받는 이 사회에 핀 소중한 꽃이자 희망이다. 그럼에도 그저 원론적인 가치를 설파하는데 그치지 않는다. 말그대로 델 토로가 구사할 수 있는 온갖 영화적인 장치와 상상력, 기술적 구현의 집대성이다. 뭣보다 와 <가위손> <미녀와 야수>같은 영화들에 더해진 관능적인, 어른의 연애를 바탕으로 묘사하는 지점까지 한순간도 흥미로움을 놓치지 않는다. 샐리 호킨스의 사랑을 부르는 마술같은 연기와, 그가 사랑하는 ‘더 띵’(더그 존스)의 강인하고 섹시한 모습이 영화를 풍성하게 해준다. 델 토로 감독이 기대도 않았던 이 세상 최고의 로맨스 영화를 만들어낸게 틀림없다. <셰이프 오브 워터: 사랑의 모양>은 사랑의 모양을 보여주는 영화이자, 영화를 사랑하는 사람들이 바라는 영화의 가장 궁극적인 모양이기도 하다.']"
11,2017,우리는 같은 꿈을 꾼다,일디코 엔예디,헝가리,"로맨스, 드라마",3.6,베를린,,,8.05,7.67,"['기대 안하고 본 영환데 의외의 수작이었네요. 추천', '더이상 같은 꿈을 꾸지 않는 그들은 과연 행복한 사랑을 계속 할 수 있을까? 비록 그 꿈이 현실로 바뀌더라도 그 사랑은 충분히 해볼만한 가치가 있을 것이다', '도축장에서 연민을 가져야 일할 수 있는것처럼, 아이러니와 결핍을 받아들이는 것, 그것이 결국 삶이고 사랑. 장미빛 동화가 아닌 회색빛 꿈이라도 그들은 받아들이고 있다.', '우리 모두 남의 혀를 자르고, 나의 혀가 잘린 경험이 있다.', '영상, 음악, 연기 모든게 다 좋았던 영화. 아직도 여운이 가득하다', '도축장면이 자세하게 나와서 다소 불편할 수 있어요. 피도 많이 나오니까 피 못보시는 분들은 피하세요~', '이런영화좀 자주나왔으믄', '영화적인 아름다움을 뛰어넘는 신비한 사랑의 감정', '일반인의 감성에 맞는 영화는 아니다. 여주인공 심리를 이해하기 힘들기도 함', '사랑의 의미를 다시 일깨워준 영화. 마음이 따뜻해졌다']","['이은선 영화 저널리스트\n사랑을 감각해가다\n별점 - 총 10점 중\n8\n감정과 영혼을 박탈당했던 사람들이 사랑을, 나아가 세상을 감각해가는 이야기. 단순하게는 오감을 활짝 열리게 하는 러브 스토리이고, 조금 더 깊이 들여다본다면 현실과 꿈 그리고 육체와 정신의 영역을 오가는 풍부한 은유들로 가득 찬 작품이다. 낯선 만큼 신선하다.', '정유미 <맥스무비> 기자\n꿈을 꾸는 사람들에게 바치는 연가(戀歌)\n별점 - 총 10점 중\n7\n관계에 서툰 여자와 관계에 지친 남자가 사슴 한 쌍이 등장하는 같은 꿈을 꾸면서 교감을 나누는 독특한 사랑 이야기. 헝가리 출신 시네아스트 일디코 엔예디 감독은 꿈과 도축장이라는 초현실과 현실의 이미지를 교차하며 결함을 가진 두 사람이 육체적, 정신적으로 하나가 되는 사랑의 완성을 차분하면서도 독보적인 연출로 보여준다. 영국 출신 포크 싱어송라이터 로라 말링의 ‘What he wrote’가 중요한 사랑 노래로 등장해 영화의 여운을 되새기게 한다. 올해 열린 67회 베를린국제영화제에서 황금곰상을 비롯해 4개 부문을 수상했고, 5월 열린 19회 전주국제영화제 개막작을 거쳐 2018 아카데미 시상식 외국어 영화상 부문 후보에 오른 2017년의 필견작 중 하나다.']"
12,2016,"나, 다니엘 블레이크",켄 로치,"영국, 프랑스, 벨기에",드라마,4.1,칸,25500,201753200,9.3,8.4,"['락카로 쓰면 경찰을 불러 지워내고 연필로 쓰면 지우개로 지워낼 것만 같은 세상에 내지르는 절박한 몸부림. 소중한 것을, 자존심을, 끝내는 이름을 지우는 폭력 앞에서.', '영화가 끝난뒤, 누구하나 잘봤냐, 재밌었냐 요란을 떨지 않았습니다. 또 몸이 일으키며 나는 찌뿌드드한 소리도 내지않았습니다. 관객들 모두 그 고요함에 머물러 있었습니다. 누구하나 개인이 겪은 침묵을 깨고싶지 않았기 ...', '통조림 따서 허겁지겁 먹는 장면에서 울컥했어요...', '다니엘 블레이크 경께 경례.', '낮은 자리에서도 존중받을 수 있는 사회를 꿈꿉니다.', '21세기, 바로 지금 여기, 인간과 시민의 권리의 현주소', '이보소! 원칙만 따지다가 사람들 굶어죽겠수다', '영화의 존재 이유를 다시 깨닫게 해준 영화. 아름답고 단단하고 존경스러운 사람들의 이야기.', '소통되지 않는 세상. 이 답답한 막힘 속에 우리 곁엔 얼마나 많은 다니엘 아저씨들이 살고 있을까.앞으로 내가 오늘부터 이 삶을 어떻게 살 것인지명확해 졌다세상을 바꾸려드는 것이 아니라우리가 그저 곁에 있는 누군가를 ...', '다니엘은 40년간 성실히 목수일을 하며 떳떳이 살았고 도둑질도, 구걸도, 나쁜짓도 하지 않았다. 그는 시민의 권리를 찾고 싶었다. 지지부진한 관료주의가 그의 마지막 순간을 갉아먹었지만 그는 이웃과 사랑을 나눌 줄 아...']","[""정시우<이투데이 비즈엔터> 취재기자\n나 그리고 당신, 연대의 힘\n별점 - 총 10점 중\n8.5\n스토리\n8\n비주얼\n8\n연출\n9\n연기\n9\n켄 로치는 후대에 예술가 외에도 노동운동가/정치가로 기록돼도 무방한 감독일 게다. 블루칼라의 시인인 그에게 영화는 '정치적 신념'을 담아내는 좋은 창구이니. [나, 다니엘 블레이크]에서도 켄 로치는 실업, 시스템의 모순, 자본의 냉혈함이 할퀴고 간 비극의 흔적들을 불러 세운다. 세상에 대한 감독의 근심이 알알이 박혀있는 이 작품은 자존감을 사수하려는 한 인간의 안간힘을 통해 감동과 통각을 동시에 일깨운다. 인간의 존엄과 연대의 힘에 대한, 이토록 힘 있고 뜨끈한 시선이라니."", '이은선영화 저널리스트\n인간답게 살기 위한 외침\n별점 - 총 10점 중\n8.5\n스토리\n9\n비주얼\n7\n연출\n9\n연기\n9\n때로는 통속극 같고 때로는 블랙 코미디 같은 모든 순간, 이 영화는 똑똑히 보여준다. 인간으로서 최소한의 존엄을 지키며 산다는 것이 무엇이고 그것이 왜 필요한지, 연대의 가치는 무엇인지. 언제나 낮은 곳으로 임하는 켄 로치 감독의 시선과 태도가 건재함을 알리는 근사한 증명.', '송경원<씨네21> 기자\n켄 로치, 사람에게로 뚜벅뚜벅\n별점 - 총 10점 중\n8\n스토리\n9\n비주얼\n7\n연출\n8\n연기\n8\n마땅히 누려야 할 복지마저 구걸해야 하는 신자유주의 시스템을 향한 일갈. 인간을 숫자로 환산하는 시스템은 어려운 이들이 접근하지 못하도록 유리 장벽을 만들어 밀어낸다. 이에 정직하고 고집스런 목수는 지치지 않고 부조리한 제도를 물고 늘어진다. [캐시, 집에 오다](1966)의 문제의식을 다시 꺼내 든 켄 로치는 한 치도 나아지지 않는 세계 앞에 절망하지 않고 여전히 인간을 보듬는다. ""우릴 도와주셨죠? 저도 돕고 싶어요."" 공감하고 분노하고 연대할 권리. 이보다 강력한 설득의 언어는 없다.', '김현수<씨네21> 기자\n인간이길 포기하지 말라\n별점 - 총 10점 중\n8\n스토리\n8\n비주얼\n8\n연출\n8\n연기\n8\n실업급여를 받기 위한 영국 노동자 할아버지의 처절한 사투를 다룬 영화. 사회복지 제도 하나 때문에 시민이 목숨 걸고 싸워야 할 만큼 위기에 내몰려 있는 국가 시스템 안에서 누구에게 손 내밀어야 할 것인가, 라는 질문은 한국 땅에도 그대로 적용 가능하다. 결국, 돈이 아니라 사람이 사회를 만든다는 것을 조용하게 그리고 정확하게 외치는 영화.']"
13,2016,문라이트,배리 젠킨스,미국,"드라마, 로맨스",3.8,아카데미,117809,949053295,8.07,7.89,"['호불호가 갈릴만한 영화입니다. 섬세한 감정선의 표현이 너무 좋았습니다..덩치만 큰 소년의 눈빛이 아직도 안잊혀지네요.', '지금도 어디에선가 외로운 감정과 싸우는,사랑을 필요로하는 또 다른 리틀,샤이론,블랙에게 바치는 공감과 치유의 영화.', '달빛 아래서는 모두 푸르다. 꼭 보세요.', '흑인의 삶에대한 영화라 힙합도 나오고 블루스도 나오고 그럴줄 알았는데 이것도한 편견이고 차별이었다. 우린 모두 달빛아래 푸르른데 말이야...', ""함부로 추천 못 할 영화. 연기 연출 음악 부문에서 뛰어남. 다만 영화관에서 나오면서 맨처음 떠오르는 생각은 '이게 왜 각종상을 휩쓸었는가?' 이다. 이건 무식이 아니다. 남과 다르고픈 잘난 허례허식도..."", '내가 아직 아카데미의 감성을 좇기엔 멀었다는 생각이 든다.', '대사보다는 눈빛에 주목유년기-청소년기-어른 세명의 각기다른 배우가 연기하지만 한 인물임에 전혀 이질감없는 연출과 연기력 끊임없는긴장감과 신선하고 강렬한 무엇', ""한국 사회에서 살아가는 또는 살아남는 '블랙'들에게."", '“내 집에서는 고개를 숙이지마..규칙 알쟎니.. 여기는 사랑과 자부심 밖에 없어”', 'Why did you call me? 가슴떨리는 순수한 사랑 그대로의 마음과 한 소년의 성장과정을 담담히 풀어내는 잔잔한 영화 .. 주연 배우들의 표정연기. 섬세한 표현력. 기대가 어어어어엄청 컸는데도 실망은 ...']","[""김형석영화 저널리스트\n가장 따뜻한 색, 블루\n별점 - 총 10점 중\n9\n영화를 만든 사람들의 감정이 거의 손실율 없이 고스란히 관객에게 전달되는, 매우 희귀한 사례의 영화. 굳이 분류하자면 '성장 영화'인데, 이런 식으로 뭉뚱그리는 표현이 퍽퍽하게 느껴질 만큼, 영화의 결이 섬세하게 살아 있다. 관람하는 영화가 아니라 체감하는 영화. 영화를 보고 나면 왠지 영화의 색들이 몸에 묻어 있을 것 같은 느낌을 준다."", '이은선영화 저널리스트\n이 안에 한 사람의 인생이 흐른다\n별점 - 총 10점 중\n8\n처음부터 존재할 필요도 없었으나 저절로 쌓였던 선입견은 영화를 보는 동안 부드럽게 무너진다. 한 사람의 인생을 성정체성이나 인종의 틀로 바라보는 것은 얼마나 편협한 사고란 말인가. [문라이트]를 본다는 건, 소년이 어른으로 자라나며 보는 것과 경험하는 것, 그리고 그가 듣는 이야기에 온전히 눈과 귀를 내어주는 경험 그 자체다. 그의 인생 안에서 분기점이 되는 순간들의 이야기를 통해 한 인물을 깊숙이 이해하려는 시도. 이는 영화라는 매체가 지닌 가장 순수한 욕망일 것이다.', '송경원<씨네21> 기자\n스크린에 새겨 넣은 단 한 문장. ""달빛 아래에선 모두 푸르게 빛난다.""\n별점 - 총 10점 중\n7\n흑인, 퀴어, 성장영화 등 어떤 분류를 하건 무의미하다. 이것은 온전히 배리 젠킨스의 호흡으로 빚어낸 배리 젠킨스의 영화다. 형식적은 운율이나 내재적인 구성 모두 서사적이라기보다는 시적이다. 타인의 잔혹한 시선과 압력에도 불구하고 끝내 \'달빛 아래 모두 푸르게 빛나는\' 이미지를 향해 나아가는 이미지와 사운드. 종종 과잉처럼 보이기도 하고 카메라가 앞서나가기도 하지만 형식과 내용을 일치시키려는 시도들이 믿음직스럽다. 단 한 장의 이미지로 기억되어도 충분히 만족스러울 영화.']"
14,2016,떠나간 여인,라브 디아즈,필리핀,드라마,3.8,베니스,,,,,[],[]
15,2015,디판,자크 오디아르,프랑스,"범죄, 드라마",3.4,칸,,,7.6,6.56,"['평점이란게 얼마나 웃긴 것인가?', '주제는 좋지만 자크 오디아르의 베스트가 되기에는 부족하다', '예언자와 러스트앤본에 이어 감독은 또 한번 깊은 울림을 준다.', '오디아르 영화중엔 범작이라 본다. 다만 마치 보도 사진에서 막 튀어나온듯한 배우들이 뿜는 에너지는 대단하였다.', '인물의 공포와 하나가 되어 숨이 턱턱 막히던 순간들이 있었다. 그저 이 오늘을 안정적으로 보내는 것이 그들에겐 얼마나 큰 바람인지.', '보는 내내 긴장을 놓을 수 없는... 한 편의 아름다운 이야기! 많은 설명이 필요 없다. 일단 보면서 느끼면 된다.', '사랑에 대한 또다른 메세지!!', '왜 갑자기 히어로 물이 되는건데.', '깐느 그랑프리라는 타이틀이 주는 착시가 좀 있다. 그냥 무난한 영화.', '남주가 슈퍼히어로가 되네?!?!']","['이은선<매거진 M> 기자\n차가운 현실을 감싸 안는 울림\n별점 - 총 10점 중\n7\n스토리\n7\n비주얼\n6\n연출\n8\n연기\n7\n유럽 사회가 당면한 가장 중요한 이슈 중 하나인 난민과 망명 문제에 대한 영화적 응답. 사회적 안전망의 사각지대에서 시름하는 이들의 모습을 날카롭게 응시하면서도, 인간에 대한 애정을 잃지 않는 감독의 포용력이 빛난다.', '송경원<씨네 21> 기자\n떠도는 불안, 냉혹한 현실, 위장된 행복\n별점 - 총 10점 중\n6.5\n스토리\n6\n비주얼\n7\n연출\n7\n연기\n6\n자크 오디아르는 상징과 기호로 빼곡히 채워진 시적 리얼리즘 어딘가에서 맴돈다. 장르적 내러티브와 사실적 카메라의 결합은 [디판]에서도 여전히 파괴적이지만, [예언자](2009)의 충격과 [러스트 앤 본](2012)의 생생함에 비교하면 다소 어정쩡해 보인다. 화면 자체의 아름다움이나 영화의 주제보다는 감독의 반복적인 양식이 먼저 눈에 들어오는, 걸작과 범작 그 어디쯤의 영화.']"
16,2015,스포트라이트,톰 맥카시,미국,"드라마, 스릴러",4,아카데미,251662,2021684087,8.94,7.94,"['한국은 왜 이런영화를 못만들까? 이런 언론인들이 없으니깐!', ""영화의 완성도는 얼만큼의 '돈'을 들였냐가 아니라 얼만큼의 '공'을 들였냐에 따라 다르다는 것을 이번에도 할리우드는 말해준다."", '와ㄷ영화짜임새 대박! 맥아담스 작품보는눈은 인정해줘야함 아카데미 작품상 노려볼만 한작품이다', '연출. 스토리. 연기. 실화. 이 모든 것이 만점인 영화. 진짜 잘 만들었다. 시간 정말 금방 지나간듯 어느새 끝나있었음. 엔딩크레딧도 충격적. 그것이 알고싶다 레전드편을 영화로 기깔나게 만든 느낌.', '한국 영화처럼 맨날 칼로 쑤시고 톱으로 사람 손모가지나 자르는 장면은 없다. 그러나 한국영화보다 더 가슴이 먹먹하고, 더 많은 분노를 느꼈다. 이 영화는 스크린 쿼터제가 없어져야하는 이유 그 자체다.', '마지막 엔딩크레딧 올라갈 때 뜨는 전 세계 수십개 도시이름보고 소름끼치신분??', '이것이 바로 완벽한 팀플레이', '이쯤되면 한국영화는 돈을 떠나 성의의 문제다. 이런 영화가 만들어지는 사회 분위기와 예술가의 능력이 부럽다.', '기레기들은 꼭 보세요....', '참된 언론과 진실 : 당시 가톨릭이라는 시스템의 문제를 개인의 문제로 치부하거나 감정에 호소하지 않고 시스템 문제 자체를 비판하는데 초점을 둔다. 그래서 더 와닿았고 이 영화는 높은 점수를 줘야 한다. 올해 오스카 ...']","['이은선<매거진 M> 기자\n진실을 추구한다는 것\n별점 - 총 10점 중\n8\n스토리\n8\n비주얼\n8\n연출\n8\n연기\n8\n스포트라이트 팀의 성취는 시스템에 대한 비판을 개인의 문제로 귀결시키지 않았다는 데 있다. 사건을 은폐한 시스템을 향해 펜 끝을 겨눴고, 수년간 이 문제에 대해 방관 혹은 침묵했던 것에 대한 언론의 자성 역시 잊지 않았다. 그 성숙한 태도가 제대로 된 저널리즘의 근간임을 알려주기 위해 오늘날 우리에게 당도한 영화. 진실에 대한 끝없는 탐구는 여전히 이토록 가치 있는 일이다.', ""이화정<씨네21> 기자\n언론의 역할, 언론의 기능에 대한 집요한 관찰\n별점 - 총 10점 중\n7.5\n스토리\n7\n비주얼\n7\n연출\n8\n연기\n8\n'사건'이 등장하지 않는다. [스포트라이트]는 묘사를 뺀 쉽지 않은 길을 택한 영화다. 보스턴 글로브 지 기자들이 신념을 잃지 않고 매달리는 것은, 기자로서의 원칙과 정도와 덕목이다. 교과서에나 나올법한 이 정직한 문구들이 공허하지 않고 감동으로 다가오는 건, 그들이 진짜로, 묵묵히 그 원칙을 수행해 나가기 때문이다. 영화는 그 쉽지 않은 시간을, 묵묵히 믿고 따라간다. 영화 속 기자들의 모습과 영화의 구현 방식이 꼭 닮았다."", ""김형석영화 저널리스트\n목표보다 빛나는 과정의 진실\n별점 - 총 10점 중\n8\n스토리\n9\n비주얼\n7\n연출\n7\n연기\n9\n작은 사실들이 모여 드디어 진실이 되고, 용기 있게 진실을 외칠 때 변화는 시작된다. 저널리즘을 다룬 수많은 영화가 있지만, [스포트라이트]의 울림이 큰 건 그 '과정'이 지닌 진실의 목소리에 귀를 기울였기 때문. 세상을 변화시키는 방법론에 대한, 그 쉽지 않은 과정을 냉철하게 바라보는 영화."", '김현수<씨네21> 기자\n아름다운 팀플레이\n별점 - 총 10점 중\n9\n스토리\n9\n비주얼\n9\n연출\n9\n연기\n9\n장기 취재 전문 스포트라이트 팀의 진실을 캐내기 위한 팀플레이가 정말 아름답게 펼쳐진다. 이야기에 군더더기가 없고 배우들은 합이 잘 맞고 편집과 연출은 깔끔하다 못해 종종 아름다워 보이기도 한다. SNS로 모든 갈등을 퉁치려 드는 몇몇 영화들과는 전혀 다른 영화적 통쾌함을 만끽할 수 있는 영화다. 몇 작품 부침을 겪었던 토마스 맥카시 감독이 다시 일어섰다!', '송경원<씨네 21> 기자\n탐사 저널리즘의 전략전술 교본\n별점 - 총 10점 중\n8\n스토리\n8\n비주얼\n8\n연출\n8\n연기\n8\n정의 구현. 우리에겐 언젠가부터 화석이 되어버린 단어. 꿈처럼 달콤하고 달콤한 만큼 꿈같은 이야기다. 가톨릭교회의 성추행 사건을 취재하는 보스턴글로브의 탐사보도팀은 이 낭만적인 명제를 실증적으로 구현한다. 의심과 회의, 내적 갈등 따윈 없다. 바르게 작동하는 시스템(언론)이 비뚤어진 시스템(교회)을 철저히 파헤치는 정상적인 과정이 있을 뿐이다. 각자의 자리에서 일사불란 역할을 수행하는 보도팀의 팀워크는 잘 조율된 스포츠경기를 보는 것 같은 쾌감도 안긴다. 언론의 목적과 기능, 품격을 일깨우는 영화.']"
17,2015,화염의 바다,지안프란코 로시,"이탈리아, 프랑스",다큐멘터리,3.4,베를린,,,,,[],[]
18,2015,택시,자파르 파나히,이란,"코미디, 드라마",3.6,베를린,,,3.76,4,"['페이크택시 아디다스녀가 더재밌음', '시대에 역행하는듯하다 그간택시명성에먹칠했다', '나만 당할수없다 다같이 죽어보자 암이걸리든 정신병이걸리든 확률은 반반이다', '잠이 부족했던 내게는 참 고마운 영화', '택시 초기작들의 그 느낌이 그리울뿐', '스피드는 좋은데 영~~ 수준이하~ 더티함', '택시 시리즈를 사랑한다면 영화 폐기시켜라', '이영화는 할일없어서 봐도 할일이 생김', '별 반 개도 아까운 최악의 택시 시리즈. 정말 할 말 잃음. 시간 아깝고. 역겹고. 비위 상함.', '보다가 암걸리는줄알았습니다....']","['송경원<씨네21> 기자\n마감시간 지난 택시의 저속 안전 주행\n별점 - 총 10점 중\n4\n설레발 형사와 수다쟁이 택시 드라이버가 전설의 택시를 타고 범죄조직을 소탕한다. 액션과 유머를 버무린 킬링타임 팝콘무비. 빤하고 성긴 이야기는 사실 <택시> 시리즈에서 별반 문제가 될 것 없다. 진짜 문제는 폭주해야 하는 액션영화임에도 전개, 위기, 해결까지 정해진 레일 위를 저속 안전운행한다는 점. 게다가 화장실 조크와 질 낮은 농담을 주렁주렁 장식처럼 달고 가려니 피곤함만 더해질 따름이다. <택시> 시리즈보다는 <분노의 질주>를 더 닮고 싶어 하는 것 같은데 그나마 엔진도 따라주질 않는다. 끝내야 할 때를 놓친 채 좀비처럼 강제로 되살아나야만 하는 시리즈의 안타까움.']"
19,2015,먼 곳으로부터,로렌조 비가스,"베네수엘라, 멕시코","로맨스, 드라마",3.3,베니스,,,,,[],[]
20,2014,윈터 슬립,누리 빌게 제일란,"터키, 프랑스, 독일",드라마,3.6,칸,,,8.21,7.15,"['강렬하게 자신을 돌아보게 만든다', '한 사람의 치부에대해서 남들은 쉽게 지적하지. 그리고 자신은 공명정대한 판단을 했다고 믿는다. 그 치부가 어떤 삶을 거쳐 생겨났는지도 모르고 말이야...', '한권의 장편소설을 읽은 기분. 대사 곱씹으며 서너번 봐야 할 듯.엄마 왈: 니 아빠를 보여줘야하는데.... (공감공감ㅋㅋ)', '영화가 구현할 수 있는 문학성의 정수', '좋은 영화다. 동굴 같은 호텔. 그 안에서 동면하는 인간들. 자신들의 이상이 만들어낸 자기가 아닌 , 진짜 자기에로 깨어나게 되는.. 과정. 절묘하고 또 절묘하다. 공허한 자선을 베풀고 난 후, 니할의 ...', '인간을 탐구하는 집요한 사색.', '제일끔찍한 건 위선적이면서도 나약하고 이기적인 아내 니할. 대중의 모습을 상징한다는 느낌이 들었다. 싸구려 동정심을 남편한테서 눈물로 강탈한 지폐뭉치와 함께 싸들고 갔건만 함니가 벽난로에 던져버렸을 때 지꼴을 조...', '중년 이후의 삶에 대한 성찰을 돕는 무지무지 좋은 영화. 삶을 돌아보고 싶은 분들은 꼭 보시기 바람', '모순 없는 인간이 어디있을까. 아이딘 그 자체로, 우리 자체로 살아도 된다. 그게 맞다. 하지만 함께하는 모습에서도 자신의 모습만 끝까지 고수하는 것은 상대방을 외롭게 한다.', '한 마디로, 삶에서 해결되는 것은 없다.']","['이숙명영화 저널리스트\n생은 고단하고 사랑은 잔인하다.\n별점 - 총 10점 중\n6.75\n스토리\n6\n비주얼\n7\n연출\n7\n연기\n7\n아나톨리아의 눈처럼 천천히, 그러나 집요하게 쌓여 끝내는 무겁게 인식을 뒤덮는다. 나이 들어 권력을 잃어가는 제왕적 남편과 홀로서기엔 너무 순진한 아내의 갈등, 혹독한 풍토를 딛고 살아가는 가난한 이들의 모습은 사건·사고 없이도 비극은 만들어질 수 있음을 보여준다. 단, 극장에서 겨울잠에 빠지지 않도록 주의할 것.', ""송경원<씨네 21> 기자\n인간 본성을 더듬는 철학서, 혹은 장황한 도덕극\n별점 - 총 10점 중\n7\n스토리\n7\n비주얼\n7\n연출\n7\n연기\n7\n카메라가 주인공과 그의 상대 역을 잡을 때마다 펼쳐지는 길고 긴 대화. 중년의 부르주아 지식인의 허영과 오만이 여러 관계를 통해 균열을 일으킨다. 아나톨리아 반도의 풍광과 왜소한 인간의 대조는 확실히 인상적인 면이 있지만 3시간의 러닝타임이 꼭 필요했는지, 현학적이고 장황한 논쟁이 얼마나 깊은 감흥을 남기는지는 다소 의문이다. 아직 겨울잠에서 완전히 깨지 못한 주인공 아이딘(터키어로 '계몽된 지식인')을 닮은 영화.""]"
21,2014,버드맨,알레한드로 곤잘레스 이냐리투,미국,"드라마, 코미디",3.9,아카데미,167989,1357898100,8.26,8.1,[],[]
22,2014,백일염화,디아오 이난,"중국, 홍콩","드라마, 스릴러, 범죄",3.4,베를린,,,,,[],[]
23,2014,"비둘기, 가지에 앉아 존재를 성찰하다",로이 안데르손,"스웨덴, 독일, 노르웨이, 프랑스, 덴마크","코미디, 드라마, 판타지",3.6,베니스,,,,,[],[]
24,2013,"가장 따뜻한 색, 블루",압델라티프 케시시,"프랑스, 스페인, 벨기에","드라마, 로맨스",3.8,칸,3394,18428000,8.8,8.2,"['한국 감독들은 평생 찍을 수 없는 영화. 블루. 우리나라 영화는 맨날 액션,스릴러,양아치,깡패,경찰,형사 안나오면 영화 못찍음. 망해가는 대한민국 영화. 혁명을 일으킬 감독이 필요하다.', '""사랑에 빠지면 무언가가 가슴에서 빠져나가는 것 같을까, 채워지는 것 같을까?"" 문학선생님이 던지는 이 질문이 영화의 토픽을 보여준다. 두 연인이 파란색으로 채워졌다가 색이 빠져나가는 과정을 그린 영화...', '어느 누구의 것도 아닌, 우리 모두의 사랑 이야기. 아델의 이별을 보며 지나간 나의 이별들이 떠올라 가슴 아팠던. 다시 보고 싶은, 단연 올해 최고의 러브 스토리.', ""나도 이영화에 '무한한 애틋함'을 느낀다"", '""너를 보면 무한한 애틋함을 느껴""', ""단지 섹스씬만 논하는 당신들이 불쌍하다. 격렬한 감정적 체험에 동화될 수 없는 삶을 살고 있는 당신들이 안타깝다. 두 '사람'의 지독한 사랑이야기 그리고 성장하는 아델의 삶, 그 감정의 소용돌이 속에 ..."", '서두르지 않아서 좋았다. 관객 입장에서 충분히 납득 할만한 상황과 시간의 여유를 제공한다.', '저한테 이영화는 이성애이든 동성애이든 사랑은 다 같은 사랑이란걸 느끼게 해준영화입니다.', '아... 이제야 평점을 남기네요. GV 시사에서 보고 너무 좋았습니다. 동성애 영화라 걱정했는데, 이건 그냥 보편적인 사랑 이야기였던 것 같아요. 원제가 ""아델의 삶""이라는 것도 이해가 됐어요! 우리...', '성장 영화가 아니라 지독한 첫사랑 이야기. 이 긴 여운 어찌할꼬....']","['이지혜<맥스무비> 기자\n3시간짜리 감정의 롤러코스터\n별점 - 총 10점 중\n8.75\n스토리\n9\n비주얼\n9\n연출\n8\n연기\n9\n만나고 사랑하고 헤어지는 아주 평범한 연애의 생로병사를 밀리미터 단위로 복기 해냈다. 3시간 동안 사랑의 환희와 식어빠진 권태, 요란한 이별까지 체험할 수 있는 감정의 롤러코스터.', '송경원<씨네 21> 기자\n얼굴, 그 숨길 수 없는 감정의 증거\n별점 - 총 10점 중\n8.5\n스토리\n8\n비주얼\n9\n연출\n8\n연기\n9\n켜켜이 쌓인 얼굴 사이로 넘쳐흐르는 감정들. 이해하려 하지 않아도 모든 걸 말해주는, 사랑의 표정. 클로즈업이란 영화적 환상을 동원해 잡아낸 표정들은 설명 없이 진실에 도달한다.', '김현민영화 저널리스트\n침이 고인다\n별점 - 총 10점 중\n9.25\n스토리\n9\n비주얼\n9\n연출\n9\n연기\n10\n살짝 들린 윗입술을 가진 여주인공이 스파게티를 먹는 장면에, 뻔뻔하리만큼 솔직하고 저돌적인 아델의 연기에, 두 여자의 찬란한 사랑과 이별에. 이 영화는 온갖 탐나는 순간들의 총화다.', '김도훈영화 칼럼니스트\n심장이 데일 것 같다\n별점 - 총 10점 중\n8.5\n스토리\n8\n비주얼\n9\n연출\n8\n연기\n9\n감독은 배우들을 극단으로 밀어붙인 다음 카메라에 잡은, 피가 흐르는 날고기 같은 순간들을 관객에게 불쑥 들이민다. 보는 이가 녹초가 될 정도로 격렬한 로맨스다.']"
25,2013,노예 12년,스티브 맥퀸,"미국, 영국","역사, 드라마",3.8,아카데미,484493,3542270100,8.57,7.57,"['노예는 아직도 있습니다. 신안 천사섬에 말이죠.', '21세기 한국에서도 편지한통으로 노예가 탈출했다....', '인권영화중에선 최고였다. 섬마을 그곳사람들이 꼭 봤으면', '하필 신안군 섬노예가 터졌을때 이런 영화가 나오는게 우연일까요?', '난 좀 개인적으로 평론가 라는 사람들은 나처럼 은근 멍청한 사람들을 좀 배려를해서 추상적이지않은 평점/평가 올려주면 좋겠다', '노예는 우리 가까운 곳에도 있습니다', '우리나라를 봐라 노예 넘쳐난다 우리도 해방시켜줘야함', '신안 섬 주민분들께서 단체관람 하셨으면 좋겠네요', '염전이 주도하는 질서! 그거슨상 거스를 수 없어!', '사람이 사람을 노예로 인신매매를 하고 노예로 부리로 학대한다는거에 대해서 정말 분개하고 거기서 나온 대사처럼 정말 하나님께서 싶판하실것입니다. 고통 당하고 죽은 수많은 흑인들의 명복을 빕니다.']","['김형석영화 저널리스트\n잊지 말아야 할 역사\n별점 - 총 10점 중\n8.25\n스토리\n8\n비주얼\n8\n연출\n9\n연기\n8\n19세기의 수치스러운 역사로 되새기는 자유와 저항의 의미. 21세기에도 여전히 노예처럼 살아가는 자들에게도 울림을 준다. 자칫 지루해질 이야기를 힘있게 끌고 가는 연출력이 빛난다.', '이형석<헤럴드경제> 기자\n인간의 선의와 생존 의지의 크기\n별점 - 총 10점 중\n8\n스토리\n8\n비주얼\n8\n연출\n8\n연기\n8\n영웅의 구원에도 기대지 않고, 인간의 선의를 과장하지도 않고, 희망을 향한 버티기 혹은 생존 그 자체를 위한 한 개인의 열망과 의지를 절제된 정서와 이야기로 그려냈다.', '이화정<씨네21> 기자\n한 명의 노예로 돌아본 노예제도의 모순\n별점 - 총 10점 중\n8\n스토리\n8\n비주얼\n8\n연출\n8\n연기\n8\n노예를 소유한 자 역시 노예제도라는 구조적 모순의 판 위에서 움직인다. 스티브 맥퀸은 주종으로 얽힌 이들의 충돌을 각 캐릭터로 보여준다. 계층은 복잡다단하며 갈등은 단순하지않다.', '송경원<씨네 21> 기자\n묵직하고 담담하게 써내려간 미국 노예사\n별점 - 총 10점 중\n7.5\n스토리\n7\n비주얼\n7\n연출\n8\n연기\n8\n개인의 체험이 역사가 된다. 딱히 기교를 부리거나 호소하지 않아서 더 깊이 파고드는, 정직하고 평면적인 서술. 인상적인 장면들이 차곡차곡 쌓여 삶의 (또는 역사의) 무게가 된다.']"
26,2013,아들의 자리,칼린 페터 네쩌,루마니아,드라마,3.4,베를린,,,,,[],[]
27,2013,성스러운 도로,지안프란코 로시,"이탈리아, 프랑스",다큐멘터리,3.2,베니스,,,,,[],[]
28,2012,아무르,미카엘 하네케 ,"프랑스, 오스트리아, 독일","드라마, 로맨스",3.9,칸,,,8.47,8.48,"['지루해야만 하는 영화. 죽음을 기다리는 과정이 사실로 그러하다. 끝날 듯 끝나지 않는.', '행복을 미루지 말자. 우리는 죽어간다', '제가 이 영화에 대해 감히 말할 게 없습니다', '꼭 노인이 아니더라도 병수발 해본 사람들은 저기분 알지. 내가 알고있던 사람이 아니게됨..', '사랑이란 뭘까,삶은 어떤 걸까. 누구나 노년은 있고누구나 죽음을 맞이한다.끝은 있다. 어떤 결과든육체적인 젊음은 언젠가시들어지는 것은 당연한데..평소 잘 생각하지 않고 살아가는 것 같다. 매 순간 후회하지않게살고싶다...', '고개 숙이게 되는 어느 높은 수준', '배우고 연습해서 만들어진 연기가 아니라 연륜에서 묻어나오는 연기다. 별다른 대사한마디없이도 복잡한심경을 이해할수있고 깊은슬픔이 배어나오며 한평생을 함께 걸어온 그사랑을 알수있었으며 각본이있는 영화가 아니라 진정 그...', '사실 영화중간에는 조금 지루했어요. 그런데 집에 와서 다시 영화장면을 떠올리니 영화관에서 나지않던 눈물이 펑펑 나더군요. 좋은 영화의 감동과 여운은 이렇게 깊은 .것 같습니다. 장면하나하나의 의미를 이해할때 이 영화...', '죽어간다는것의 수치, 그리고 배려', '연기 클레스가 다르다']","['이은선<무비위크> 기자\n아름답고 통렬한 전율\n별점 - 총 10점 중\n9\n스토리\n9\n비주얼\n9\n연출\n9\n연기\n9\n결코 감상적인 멜로가 아니다. 이야기의 본질은 죽음의 공포와 고통에 더 긴밀하게 닿아있고, 여기에는 인생을 논하는 압도적 깊이의 시선이 존재한다. 날카롭고 아름다운 걸작.', '송경원<씨네 21> 기자\n고통, 무정, 간결, 순수\n별점 - 총 10점 중\n7.75\n스토리\n7\n비주얼\n7\n연출\n8\n연기\n9\n이것은 철학적 난제가 아니다. 스크린을 느리게 점령하는 건 오직 사랑을 아는 자만이 느낄 수 있는 고통. 무정하고 잔인해도 외면할 수 없는 진실. 노쇠한 육체에 깃든 숭고한 움직임.', '이지혜<텐아시아> 기자\n삶과 죽음의 무게\n별점 - 총 10점 중\n8.5\n스토리\n8\n비주얼\n8\n연출\n9\n연기\n9\n여기, 감히 사랑이란 말로 손쉽게 치장할 수 없는 삶과 죽음의 무게가 있다. 배경인 파리의 아파트를 거의 떠나지 않으면서도 세상의 모든 삶을 아우르는 깊이와 넓이를 가진 영화.', '이후경<씨네21> 기자\n사랑, 그 고통스런 질문\n별점 - 총 10점 중\n7\n스토리\n6\n비주얼\n6\n연출\n7\n연기\n9\n노화와 죽음 앞에서 인간은 사랑을 어디까지 지켜낼 수 있을까. 이 절체절명의 질문에 혈색을 불어넣는 건 노배우 장-루이 트린티냥의 육신과 기질이다. 그에 비하면 감독 특유의 답안지는 다소 창백하다.']"
29,2012,아르고,벤 애플렉,미국,"드라마, 스릴러",3.6,아카데미,136102,969566000,8.24,7.2,"['총 한번 안쏘고 긴장시키는 연출력의 승리', '유려한 카메라 앵글, 당시 상황 재현 등의 훌륭한 연출로 서스펜스와 스릴의 최고조를 맛보다.', '보면서 떨려 죽는줄...흥미진진하고 재밌다', '영화 자체도 나름 후반부에 긴장감있고 좋아서 8점주고싶은데 실화라는거에 1점 추가', '이게 왜 8.1밖에 안되지??', '밴 애플릭은 그냥 좋다. 눈빛.. 남잔데도 눈빛..', '실화를 바탕으로 당시 그 상황을 완벽 재연하듯이 연출해냈다. 진정한 스릴러는 이런 영화다.', '똑같은 사랑얘기 보지말고 이 영화보세요 제대로 입니다 탈출할때의 긴장감이란', '결과를 알면서도 모르고 본 것 같은 이 느낌', '괜찮았음.....']","['김도훈영화 칼럼니스트\n벤 애플렉은 크게 될 거다.\n별점 - 총 10점 중\n8\n스토리\n8\n비주얼\n8\n연출\n8\n연기\n8\n나는 아직도 [타운]을 평가절하하던 사람들을 생각하면 속이 상한다. 결국 벤 애플렉은 훌륭한 스릴러 [아르고]로 반격했다. 지금 할리우드에 이스트우드의 적자가 있다면 그건 단연코 벤 애플렉이다.', '이화정<씨네21> 기자\n재능있는 감독 벤 애플렉\n별점 - 총 10점 중\n8\n스토리\n8\n비주얼\n8\n연출\n8\n연기\n8\n늘 맷 데이먼이 비교우위였다. 어디까지나 연기의 영역일 뿐, 연출에 있어선 달라진다. 시작부터 탈출까지, 아르고 작전은 장르적 긴장과 재미로 빼곡하다. 연출가 벤 애플렉을 지지한다.']"
30,2012,시저는 죽어야 한다,"비토리오 타비아니, 파올로 타비아니",이탈리아,드라마,3.6,베를린,,,8.59,8.22,"['시!!!!!!!!!저!!!!!!!!!!!!!!!', '이것은 앞으로 미래에 이어질 인간의 영혼 체페리가의 영혼이다!!!', '시이저어어어어어어어', '시이이이이저어어어어!!!! 1111', '비눗방울처럼 화려하고 덧없는사내여', '연극은 인생, 세상은 무대, 사람은 배우, 인생은 연극, 연극은 예술...그것을 스크린으로 옮긴 이 영화도 예술', '시이이이이저어어어어!!', '죠죠!!내 마지막 파문이다-! 받아다오-!', '시저어어어어-!!!! 여기는 적지 어딘가에 와무우와 카즈가 숨어있을 것이다-.', '스토리 별거 없다. 근데 완벽하다.']","[""백은하영화 저널리스트\n예술을 석방시킨 자리에 감금된 '배우의 얼굴'\n별점 - 총 10점 중\n9\n스토리\n9\n비주얼\n9\n연출\n9\n연기\n9\n감옥과 무대, 현실과 극, 죄수와 배우 사이를 넘나들며 경계를 허물더니 어느덧 후자들이 전자들의 기운을 뛰어넘는다. 특히 죄수의 머그샷같던 클로즈업이 점점 배우의 프로필로 변할 때."", '송경원<씨네 21> 기자\n예술은 삶을 비추는 거울이어라\n별점 - 총 10점 중\n7.5\n스토리\n7\n비주얼\n7\n연출\n9\n연기\n7\n죄수들이 벌이는 연극은 좁은 감옥을 로마시대의 정원으로 바꾸고 극적 고뇌를 삶 속으로 불러들인다. 이야기보다는 그것을 담아내는 그릇의 아름다움을 탐구한 형식미의 한 정점.', '이형석<헤럴드경제> 기자\n실재와 연극, 영화의 매혹적 삼중주\n별점 - 총 10점 중\n8.25\n스토리\n8\n비주얼\n9\n연출\n8\n연기\n8\n흑백의 색감, 음영의 질감, 구도의 공간감, 배우의 연기가 강렬한 쾌감을 선사한다. 실제 범죄자의 연기, 셰익스피어의 희곡, 타비아니의 스크린이 연주하는 실재와 연극, 영화의 삼중주.', '김형석영화 저널리스트\n굵고 짧은 드라마의 힘\n별점 - 총 10점 중\n8\n스토리\n8\n비주얼\n7\n연출\n9\n연기\n8\n77분이라는 짧은 러닝타임 안에서, 셰익스피어의 <줄리어스 시저>와 그것을 만들어가는 과정이 뫼비우스의 띠처럼 엮이며 전진한다. 묵직하고 힘 있는 드라마의 힘! 압권이다.']"
31,2012,피에타,김기덕,한국,"드라마, 스릴러",3.1,베니스,592343,4274347500,7.79,6.61,"['늙은 강간범의 판타지아', '김기덕 영화는 보고나면 정신이 이상해진다', '감독 머릿속이 얼마나 추악하고 더러울지 상상이 안간다...영화로 남에게 이런기분을 느끼게하는걸 보니. 분명 악마다. 무슨상을 탔던지간에 범죄자는 처벌을 받는 세상이었으면 좋겠다.', '베니스영화제에서 작품상(최고상)을 타고 와도 한국관객과 평단은 냉담하다. 온갖 싸구려 조폭물과 막장드라마와 아이돌을 내세운 상업물에는 그렇게 환호하면서 원초적 예술품에 보내는 시선은 차갑기만 하다. 이미 한국사회의 ...', '일반적이지 않다고 예술성이 높은게 아니다. 감독이 뭘 전달하려는지는 알겠는데 왜 이렇게 1차원적이며 과장스럽게 표현했는지 모르겠다. 그냥 중2병이 만든 영화같았음', '나는 김기덕 영화 너무 드럽고 기분나빠서 보기 싫은데 맨날 상타서 이상했는데 알고보니 생 양아치 범죄자였다 헐', '예술영화 드립하던 인간들 이불킥이나해라 ㅋㅋㅋ', '이런 반전이 있는 이야기 설정이 신선하고 좋았다. 영화는처음부터 끝까지 어두워서 오늘 내 하루의 기분까지 그렇게 만들어버린 영화지만 기억에 남을만한 영화. 아, 시내 나들이 갔었을 때는 둘 다 밝았구나. 이 영화 속...', '베댓 쓴 무슨 생각을 하고 있을까? 원초적 예술품으로 알았던 게 한낱 쓰레기의 배설물에 불과했으니.', '강렬한 엔딩씬으로 전율을 느끼게 하다. 이전 작품에 비해 참신함이 떨어지나 돌직구처럼 묵직하다.']","[""김형석영화 저널리스트\n죄와 속죄\n별점 - 총 10점 중\n7.25\n스토리\n8\n비주얼\n6\n연출\n8\n연기\n7\n[비몽] 이후 4년 만에 한국 극장가에서 개봉되는 '김기덕 영화'인 [피에타]는, 감독의 초기작을 연상시키는 거친 느낌을 지녔으면서도, 그의 조금은 달라진 모습을 느낄 수 있는 영화다. 30년 동안 엄마 없이 살았던 남자와, 자신이 엄마라며 그에게 찾아간 여자. 사채업자의 하수인으로서 사람들에게 악독하게 돈을 받아내며 살아가던 남자는, 어머니라는 낯선 존재를 통해 죄와 속죄의 세계로 접어든다. 과연 그는 구원받을 수 있을까? 김기덕 감독은 긍정도 부정도 하지 않는, 하지만 비극적이면서도 장중한 결말로 관객을 이끈다. '김기덕 리부트'를 접하고 싶은 관객이라면 놓쳐선 안 될 영화."", ""이화정<씨네21> 기자\n복수와 구원에 관한 지속적 물음\n별점 - 총 10점 중\n7\n스토리\n7\n비주얼\n7\n연출\n7\n연기\n7\n복수와 구원에 관한 김기덕 감독의 지속적 물음. 자본의 가장 밑바닥으로 그려진 이 영화의 청계천 공구 상가의 세부도는 곧 지옥도와 맞먹는다. 상징, 대사, 비주얼. 어느 하나 포장되지 않은 날 것 그대로를 아주 직접적으로 전달함으로써 김기덕 감독은 이 풍경의 끔찍함을 배가 시킨다. '자비를 베푸소서'라는 뜻의 제목과 달리, 구원과 용서의 지점에 있어선 전에 없이 한층 더 갑갑하고 부정적인 결론이다. 자본의 세례를 전혀 받지 못하는 청계천의 부감샷, 복합적 감정을 응축시킨 조민수의 연기가 특히 인상적이다.""]"
32,2011,트리 오브 라이프,테렌스 맬릭,미국,"드라마, 판타지",3.4,칸,28120,194886500,6.99,7.23,"['철학, 가족, 종교, 우주의 탄생과 성장, 인간의 존재에 대한 모든 것을 숨막히는 영상미와 함께 풀어낸 서사시.', '138분간 미로를 헤매는 느낌이었다.', '나같은똥멍청이가보기엔 레벨이 겁나 높은영화같음 그나저나 더럽게 지겹네', ""하고 싶은 말을 너무 과하게 추상화 시켰다는 생각이 듭니다. 그리고, 앞부분 은하의 이미지는 아름답기는 하나 너무 길구요... '우주의 탄생' 다큐가 아닌바에야..;; 솔직히 감독이 욕심과 겉멋을 좀..."", '할 말이 없다.. 그냥 좋았다', '이 영화를 기독교 영화, 난잡한 영화라고 치부하는게 애석하다 . 우주의 기원인 빅뱅, 진화론의 과학적 관점과 서구 문명의 근간이 된 기독교적 사상을 접목시켜 미국의 한 평범한 가정의 모습을 통해 인간 그 자체를 ...', '뭔가 엄청난 얘기를 하려고 하는데 피곤할때는 보지 마시길.', '황금종려상은 멜랑콜리아가 탔으면 했는데 인생에 대해 돌아볼수 있는 좋은 영화이나 하느님에 관한 얘기가 계속 나오는게 불편했다 좀 더 인간에 포커스를 맞췄으면 8점인데.. 이도 저도 아니다라는 생각이.. 너무 무리하게...', '지금 보다나왔다..내가 만약 하느님이라면 짜증나서 다시 아들돌려줄것이다.. ㅅㅍ..돈아까워', '지구의 탄생 다큐멘터리 보는줄']","['허지웅칼럼니스트\n극도로 과장되고 야심만만한\n별점 - 총 10점 중\n7.5\n스토리\n7\n비주얼\n7\n연출\n8\n연기\n8\n최근 몇년 간 이토록 어깨에 힘이 들어간 영화는 본 적이 없다. 뿐만 아니라 기독교 세계관을 느슨하게 전제한 후, 인간을 넘어서는 어느 초월적인 힘에 대해 끊임없이 사유하게 만든다는 점에서 나는 이 영화가 다소 불편했다. 그런데 놀라운 건 이 과장된 오페라가 어찌됐든 이해하고 용인할만한 수준에서 관객에게 꽤 복합적인 경험을 선사한다는 점이다. 이것은 신에 대한 이야기인 동시에 우주와 나 자신의 탄생에 관한 우화이며, 또한 아버지를 이해하려는 포용의 텍스트이기도 하다. 열명의 관객에게 열가지의 반응을 이끌어낼만한, 의외로 소란스럽고 야심만만하며 보수적인 이데올로기로 관객을 보듬는 영화.', '김도훈<씨네21> 기자\n작가주의 에고의 과잉 폭발\n별점 - 총 10점 중\n6\n스토리\n6\n비주얼\n5\n연출\n5\n연기\n8\n테렌스 맬릭은 살아있는 가장 위대한 작가 중 한명이다. 그런데 정말로? [천국의 나날들]과 [씬 레드 라인]은 명백한 걸작이지만 [뉴 월드]는 시적인 고리타분함의 어떤 정점에 도달한 영화였다. [트리 오브 라이프]에서 맬릭은 더 나아간다. 이건 가족사를 담은 개인적 영화인 동시에 일종의 자연 다큐멘타리이며, 명상으로 가득한 종교영화다. 이 숭고할 정도로 아름답지만 믿을 수 없을만큼 거슬리는 예술적 허영과 허세라니.']"
33,2011,아티스트,미셀 하자나비시우스,"미국, 프랑스","코미디, 드라마, 로맨스",3.8,아카데미,10884,78824000,8.15,5.67,"['재밌고 이런저런 생각을 하게 만든 영화 박정민 역시 잘함', '재밌다. 재기발랄하다. 배우들 연기도 좋다', '에휴... 그놈의 개똥평론', '신선하네여 좋은작품 잘봤습니다', '예술의 본질이란? 삶에 본질이란? 무엇인가를 생각하게 만든 영화~ 보고 나서 더 생각하게 한다~ 우린 무엇을 위해 추구하며 살고 있는가? 재범의 ""눈""이 그 본질을 보게 하지만, 또한 그 본질을 못 보...', '오오 재밌네요굿잡ㅋㅋㅋㅋ', ""상업영화 홍수속에서 잠시나마 다른 각도로 본질을 보게 해주었네여! 웃으면서 보고나서 집에올 때 더 생각이 나는 그런 영화 였네요' 추천!"", '소재도 독특하고 오랜만에 이런 블랙코미디영화 재미있게 봤네요. 박정민 배우 역시 연기 잘하네요!!', '박정민씨 연기는 진짜쩝니다..보면볼수록 매력있고 연기잘하고..이제팬될듯..영화정말 잼나고감명깊게봤어요..독립영화중 단연최고..입소문왜안나죠??진짜 잼나는데..박정민 넘 좋아..화이팅할께요^^', '캐릭터와 이야기 전개 그리고 코디미 전달방식이 어디서도 본적 없는 새로운 톤의 영화였다.']","['정시우<이투데이 비즈엔터> 기자\n예술, 꿈보다 해몽\n별점 - 총 10점 중\n6\n‘예술의 본질’을 논하는 영화라고 해서 무겁겠거니 색안경 낄 필요 없다. 이 영화가 껴안은 재료는 날선 위트와 풍자. 그러니까 아트 비즈니스 세계에 깃든 속물 근성에 똥침을 날리는 유쾌한 블랙코미디다. 기이하게 조율된 캐릭터들이 좌충우돌하고, 궤변과 역설이 공중에서 부딪히며 이 영화만의 독특한 리듬을 만들어낸다. 참신함을 향한 시도가 반갑다. 다만, 사건 수습 과정에서 톤이 급작스럽게 변모하면서 극 전반의 분위기와 충돌을 일으킨다. 초반의 생기발랄함을 조금 더 과감하게 밀어붙였으면 어땠을까 싶다.', '이화정<씨네21> 기자\n예술과 비즈니스 사이\n별점 - 총 10점 중\n6\n예술과 비즈니스 사이, 예술가이고자 하는 지젤을 중심으로 지적하는 세태풍자. 블랙코미디톤의 가벼운 형식으로 긴장감 있는 플롯을 흥미롭게 전개시킨다.']"
34,2011,씨민과 나데르의 별거,아쉬가르 파르하디,"이란, 프랑스, 호주","드라마, 스릴러",4,베를린,,,8.97,8.07,"['돈 누가 훔쳤냐는게 호감1위에 올라와있는데 초반에 이삿짐 일꾼들이 2층이라고 들었는데 높다고 항의해서 씨민이 추가로 일당을 지불할때 꺼냈습니다.', '연쇄적인 딜레마를 기가 막히게 엮어낸 걸작. 인물간의 세부 심리 묘사와 그들의 연기도 탁월했다.', '저토록 복합적이고 함축적이며 또한 열린 주제들이 그토록 느리고 단조로운 서사로 이토록 훌륭하게 표현될 수 있다니.', '하나의 잘 정돈된 시나리오 훌륭한 연기 최근에 본 영화중 가장 몰입해서 본 영화 영화를 보는 내내 누구를 동정해야 되고 누가 옳은지 무엇이 사실인지를 찾지만 영화를 보고 나면 하나의 진실 옳고 그름을 밝히는 것이 무...', '인간사 그 모든 액기스들이 뒤죽박죽으로 뒤섞여서는 삶으로 요동쳐대니, 그저 어안이 벙벙할 뿐, 답이 나오질 않는다. 그냥 이게 삶이려니, 자못 연민으로만 다독거리기엔 또 너무나 아쉽고 아깝다. 갈지자 취한 걸음이 공...', '이렇게 명예를 중시하는 나라가 축구할때는 왜 그렇게 침대축구를 해?', '지루할줄 알았는데 생각보다 몰입도도 높고 재밌었다..정말 괜찮은 영화', '배우들이 하나같이 대사도 그렇고 진짜 실감난 연기였다!!!! 저게 배우란 말인가? 특히 치매 할아버지 치매연기 한거 맞아? 진짜 치매 아냐? ㅋㅋ EBS가 이렇게 잘되고 숨은 해외 작품 을 보여주니..매주마다 빠짐없...', '답따윈 없다. 혀를 차려고 들자니 다를 바 없는 나라는 존재에 혀도 찰 수 없다.', '흘러가는 이야기 속에 우리의 삶이 다 녹아있다.. 연출, 연기, 스토리 다 좋았음..']","['백승찬<경향신문> 기자\n유별난 종교영화\n별점 - 총 10점 중\n8\n스토리\n8\n비주얼\n8\n연출\n8\n연기\n8\n[라쇼몽] 스타일의 법정영화로 시작했다가 붕괴 직전의 가족 드라마로 바뀌더니 계급 갈등에 대한 사회극이 되고 결국 한 신실한 신앙인의 갈등을 그린 종교영화로 결말 내린다. 특히 온통 세속적인 인간들 틈에 있는 한 명의 종교적 인간은 영화에 묘한 분위기를 불어넣는다. 특정 교회 인맥 때문에 성과 속이 뒤섞인 한국의 영화계에선 상상하기 힘든 캐릭터.', '이형석<헤럴드경제> 기자\n지적인 탐색과 정서적 호소력을 모두 갖춘 수작\n별점 - 총 10점 중\n8.75\n스토리\n9\n비주얼\n8\n연출\n9\n연기\n9\n아주 단순한 사건의 이면에 이란 사회가 가진 다양한 층위의 이슈들을 놀랍도록 정교하게 배치해낸 수작이다. 생동하는 캐릭터와 에피소드로 법, 계급, 종교, 정치, 전통 등의 문제들을 논쟁적으로 제기하는 작품. 거의 모든 등장인물들이 처한 윤리적 딜레마와 사회의 단면을 포착한 빼어난 리얼리즘이 극과 정서를 이끌어가는 강력한 힘이다.']"
35,2011,파우스트,알렉산더 소쿠로프,러시아,"드라마, 판타지, 미스터리",3.2,베니스,,,10,,['국밥같이 따끈하고 든든한.오랜만에 제대로 된 영화!'],[]
36,2010,엉클 분미,아피찻퐁 위라세타쿤,"태국, 프랑스","판타지, 드라마",3.4,칸,,,7.62,8.39,"[""환생을 이야기하는 이 영화에서 가장 놀라운 점은 '징후와 세기'의 몇몇 캐릭터들이 환생해 나타났다는 것. 세계와 또 다른 세계를 이어붙이는 느낌처럼 기묘하다"", '졸다, 깨다, 깜놀. 졸다, 깨다, 여긴 어디? 나는 누구? 내 꿈 속에서도 영화는 계속', '전원일기+네셔널지오그래픽+전설의고향. 메기와 공주씬 만 10점.', '산자와 죽은자의 마주 봄.', '유령들을 바라볼 때의 표정', '이 영화 너무 어렵다... ㅠㅠ 별이 빛나는 것 같은 동굴과 엔딩곡은 압권이었다 !', '동남아의 무속적 환생관, 조상신앙, 애니미즘에 기반한 철저하게 인류학적인 영화.', '참 독특하면서 낯설고, 낯설면서도 어딘지 친근하며, 한편으론 섬득하면서도 온화한... ytb', '아피찻퐁 위라세타쿤은 사기꾼같지만, 너무 훌륭한 사기꾼이기도 하다', '산 자와 죽은자가 함께하는 아름다운 자연, 돌도 돌아 제자리로 돌아오는 인간의 윤회']","['김도훈<씨네21> 기자\n미디어 아트와 시네마의 경계에서 꾸는 꿈\n별점 - 총 10점 중\n9\n스토리\n9\n비주얼\n10\n연출\n9\n연기\n8\n올해 칸영화제 황금종려상을 받은 아피차퐁 위라세타쿤의 이 역작을 대체 뭐라고 설명해야 좋을 지 모르겠다. 언제나처럼 그의 영화 속에서는 과거와 현재, 유령과 인간, 상상과 현실이 정글의 나무덩쿨처럼 마구잡이로 얽힌다. 미디어 아트의 일환으로 만들어진 이 작품은 영화의 미래, 혹은 영화의 또다른 얼굴을 보고싶어하는 관객들을 위한 꿈이다.', '이화정<씨네21> 기자\n영화의 경계를 허물다\n별점 - 총 10점 중\n8.75\n스토리\n9\n비주얼\n9\n연출\n9\n연기\n8\n이해보다 감상이 필요한 작품. 전작 [열대병]보다 친절하지만, 여전히 100% 이해를 구하는 건 틀렸다. 아핏차퐁 위라세타쿤은 스크린과 미디어아트 사이를 전방위적으로 오가는 제3의 감독이다. 다수의 공감대에 앞서, 그의 영화는 결국 지지하느냐 마느냐의 질문을 남긴다. 기꺼이 그의 예술세계를 지지하는 입장에서 보자면, [엉클분미]는 위라세타쿤이 전하는 또 한편의 신비하고도 호기심 찬 세상이다.']"
37,2010,킹스 스피치,톰 후퍼,"영국, 미국, 호주","드라마, 역사",3.7,아카데미,797156,5897269000,8.32,6.95,"['감동을 자아내는 주제, 배우들의 명연기, 실내 공간 길이의 활용, 훌륭한 미쟝센의 배치 등 모든 것이 완벽한 역사 드라마. 특히, 조지 6세가 고민하는 장면은 압권.', '말이 많이 필요 없음. 그냥 명작임.', '잔잔하면서 짙은 감동을 주는 영화였다.문제의 표면적 해결이 아닌 내면의 변화로 문제가 해결됬다는 것에 집중한다면 공감할것이다.이 영화에 결정적인 위기상황, 갈등을 더 넣었다면 이야기가 산으로 갔을거다. 깔끔한 절제였...', '""인간"" 조지 6세의 승리.', '실화라서 그런지, 큰 감동은 없지만, 자신의 처한 상황을 인정하고, 남들과 다르다고 기죽을 필요없다. 나를 위한 의자가 없다면, 내가 의자를 가져다가 앉으면 된다.', '광해를 재미있게 봤는데도 뭔가 부족한 느낌이 있었는데 킹스스피치를 보면서 광해에 무었이 부족했는지 확실히 느꼈다, 아카데미 작품상과 대종상의 차이가 이리도 크구나..', '콜린퍼스의 콜린퍼스에 의한 콜린퍼스를 위한 영화', '잔잔함과 유머, 클라이맥스에 달해서 전율이 돋았다. 배우들 하나하나 모두 열연을 해줘 영화가 빛났다. 개인적으로 강추하는영화', '국왕보단 언어치료사의 인생에 박수를', '왕권이 몰락한 시대의 대영제국의 향수와 왕에 대한 마지막 예우..']","['이형석<헤럴드경제> 기자\n가벼운 코미디, 재미있는 휴먼드라마\n별점 - 총 10점 중\n7\n스토리\n7\n비주얼\n7\n연출\n7\n연기\n7\n등장인물들의 개성을 잘 구축하고, 군살없는 이야기를 보여주며, 배우들의 연기가 잘 어우러진 영화다. 균형과 중심이 잘 잡혀있지만, 그만큼 특출나게 두드러진 장점은 없는 영화라는 말이기도 하다. 아카데미가 한 것처럼 작품상과 감독상, 주연상 등을 고루 받을 정도의 깊이있는 걸작이라고는 하기 어려울 것같다. 콜린 퍼스의 호감과 호연이 작품 전반을 두루 감싸고 있다.', '김도훈<씨네21> 기자\n오스카 남우주연상에 전혀 이의없다.\n별점 - 총 10점 중\n7.25\n스토리\n8\n비주얼\n6\n연출\n6\n연기\n9\n물론 나 역시 [킹스 스피치]가 [소셜 네트워크]보다 나은 영화라고 생각하지는 않는다. 다만, 오스카상을 받을만한 웰메이드 시대극이라는 건 분명하다(꼭 작가주의적으로 뛰어난 영화가 오스카를 받는 건 아니라는 사실을 우리 모두 잘 알고 있지않은가). 한치의 틈도 없이 잘 짜인 각본과 프로페셔널한 배우들의 연기, 이 정도면 관객으로서는 충분한 호사다. 게다가 여기에는 콜린 퍼스의 우아하고 능란한 연기가 있다.', '이지혜<10 아시아> 기자\n자극적인 이야기, 어지러운 영상에 지쳤다면\n별점 - 총 10점 중\n7.25\n스토리\n7\n비주얼\n7\n연출\n7\n연기\n8\n제 83회 아카데미 시상식에서 작품상, 감독상, 남우주연상, 각본상을 수상한 [킹스 스피치]에 대해 떠드는 목소리들은 높기만 하다. 그러나 정작 조지 6세(콜린 퍼스)의 연설을 담은 영화는 조용하다. 목소리를 높이는 법 없이 왕과 그의 말더듬증을 치료하는 라이오넬 로그(제프리 러쉬)가 서로를 친구로 부르기까지를 담담하게 술회한다. 특별한 클라이막스 없이 시련을 극복하는 주인공을 정석대로 옮겨 놓은 [킹스 스피치]. 어쩔 수 없이 아카데미에서 작품상까지 받을 만한 작품인가에 대해서는 고개를 갸웃하게 된다. 그러나 자신을 깨고 나오는 이의 의지와 그를 돕는 담백한 우정을 얘기하는 영화의 목소리는 낮지만 넓게 퍼지는 울림을 가진다.', '허지웅칼럼니스트\n유려하지만.\n별점 - 총 10점 중\n7\n스토리\n7\n비주얼\n7\n연출\n7\n연기\n7\n영화를 구성하는 모든 요소들이 스스로도 상 받을만한 작품이라는 걸 안다는 듯 도도하고 말끔하며 유려한 만듦새지만 아카데미 상찬에 비하면 패기와 유기적인 생동감이 아쉽다. 이를테면 제시 아이센버그는 여전히 지구에서 가장 젊은 억만장사처럼 보이지만, 콜린 퍼스는 영화 상영 중에조차 말을 더듬는 왕자처럼 보이지 않는다는 말씀.']"
38,2010,허니,세미 카플라노글루,"터키, 독일, 프랑스",드라마,3.5,베를린,,,7.93,8.44,[],[]
39,2010,썸웨어,소피아 코폴라,미국,드라마,3.5,베니스,,,,,[],[]
